"Company","Year","Sales"
"가온전선","실적2017",8370
"가온전선","실적2018",8407
"가온전선","실적2019",8303
"가온전선","실적2020",NA
"강남제비스코","실적2017",3000
"강남제비스코","실적2018",3070
"강남제비스코","실적2019",3325
"강남제비스코","실적2020",NA
"강원랜드","실적2017",15478
"강원랜드","실적2018",14381
"강원랜드","실적2019",15201
"강원랜드","실적2020",4981
"갤럭시아에스엠","실적2017",312
"갤럭시아에스엠","실적2018",220
"갤럭시아에스엠","실적2019",287
"갤럭시아에스엠","실적2020",NA
"경농","실적2017",2065
"경농","실적2018",2127
"경농","실적2019",2275
"경농","실적2020",NA
"경동나비엔","실적2017",6847
"경동나비엔","실적2018",7267
"경동나비엔","실적2019",7743
"경동나비엔","실적2020",8840
"경동도시가스","실적2017",8715
"경동도시가스","실적2018",16065
"경동도시가스","실적2019",14227
"경동도시가스","실적2020",NA
"경동인베스트","실적2017",1951
"경동인베스트","실적2018",2286
"경동인베스트","실적2019",2718
"경동인베스트","실적2020",NA
"경방","실적2017",3608
"경방","실적2018",3514
"경방","실적2019",3439
"경방","실적2020",NA
"경보제약","실적2017",1917
"경보제약","실적2018",2013
"경보제약","실적2019",1917
"경보제약","실적2020",2214
"경인양행","실적2017",3000
"경인양행","실적2018",3311
"경인양행","실적2019",3588
"경인양행","실적2020",NA
"경인전자","실적2017",220
"경인전자","실적2018",185
"경인전자","실적2019",133
"경인전자","실적2020",NA
"계룡건설산업","실적2017",22408
"계룡건설산업","실적2018",22927
"계룡건설산업","실적2019",22757
"계룡건설산업","실적2020",NA
"계양전기","실적2017",3399
"계양전기","실적2018",3651
"계양전기","실적2019",3750
"계양전기","실적2020",NA
"고려산업","실적2017",1745
"고려산업","실적2018",1584
"고려산업","실적2019",1925
"고려산업","실적2020",NA
"고려아연","실적2017",65967
"고려아연","실적2018",68833
"고려아연","실적2019",66948
"고려아연","실적2020",73326
"고려제강","실적2017",15505
"고려제강","실적2018",15772
"고려제강","실적2019",16397
"고려제강","실적2020",NA
"광동제약","실적2017",11416
"광동제약","실적2018",11802
"광동제약","실적2019",12383
"광동제약","실적2020",12655
"광명전기","실적2017",1016
"광명전기","실적2018",1126
"광명전기","실적2019",1319
"광명전기","실적2020",NA
"광전자","실적2017",1774
"광전자","실적2018",1769
"광전자","실적2019",1662
"광전자","실적2020",NA
"광주신세계","실적2017",1349
"광주신세계","실적2018",1352
"광주신세계","실적2019",1549
"광주신세계","실적2020",NA
"교보증권","실적2017",10860
"교보증권","실적2018",12501
"교보증권","실적2019",14521
"교보증권","실적2020",NA
"교촌에프앤비","실적2017",3188
"교촌에프앤비","실적2018",3391
"교촌에프앤비","실적2019",3801
"교촌에프앤비","실적2020",4377
"국도화학","실적2017",10760
"국도화학","실적2018",12806
"국도화학","실적2019",11214
"국도화학","실적2020",NA
"국동","실적2017",1916
"국동","실적2018",2196
"국동","실적2019",2231
"국동","실적2020",NA
"국보","실적2017",783
"국보","실적2018",715
"국보","실적2019",891
"국보","실적2020",NA
"국제약품","실적2017",1233
"국제약품","실적2018",1077
"국제약품","실적2019",1111
"국제약품","실적2020",NA
"그린케미칼","실적2017",2537
"그린케미칼","실적2018",2541
"그린케미칼","실적2019",2319
"그린케미칼","실적2020",NA
"극동유화","실적2017",4901
"극동유화","실적2018",8309
"극동유화","실적2019",7956
"극동유화","실적2020",NA
"금강공업","실적2017",6132
"금강공업","실적2018",5679
"금강공업","실적2019",5497
"금강공업","실적2020",NA
"금비","실적2017",1855
"금비","실적2018",1970
"금비","실적2019",2014
"금비","실적2020",NA
"금양","실적2017",1804
"금양","실적2018",2054
"금양","실적2019",1727
"금양","실적2020",NA
"금호산업","실적2017",12979
"금호산업","실적2018",13767
"금호산업","실적2019",15977
"금호산업","실적2020",17139
"금호석유화학","실적2017",50648
"금호석유화학","실적2018",55849
"금호석유화학","실적2019",49779
"금호석유화학","실적2020",46340
"금호에이치티","실적2017",1797
"금호에이치티","실적2018",2093
"금호에이치티","실적2019",2511
"금호에이치티","실적2020",NA
"금호전기","실적2017",1014
"금호전기","실적2018",636
"금호전기","실적2019",629
"금호전기","실적2020",NA
"금호타이어","실적2017",28764
"금호타이어","실적2018",25587
"금호타이어","실적2019",23692
"금호타이어","실적2020",20820
"기신정기","실적2017",1064
"기신정기","실적2018",1190
"기신정기","실적2019",1246
"기신정기","실적2020",NA
"기아자동차","실적2017",535357
"기아자동차","실적2018",541698
"기아자동차","실적2019",581460
"기아자동차","실적2020",593966
"기업은행","실적2017",167840
"기업은행","실적2018",155279
"기업은행","실적2019",169382
"기업은행","실적2020",NA
"까뮤이앤씨","실적2017",1722
"까뮤이앤씨","실적2018",1163
"까뮤이앤씨","실적2019",2834
"까뮤이앤씨","실적2020",NA
"깨끗한나라","실적2017",6599
"깨끗한나라","실적2018",6263
"깨끗한나라","실적2019",5942
"깨끗한나라","실적2020",NA
"남광토건","실적2017",1156
"남광토건","실적2018",1572
"남광토건","실적2019",2362
"남광토건","실적2020",NA
"남선알미늄","실적2017",4007
"남선알미늄","실적2018",3478
"남선알미늄","실적2019",3248
"남선알미늄","실적2020",NA
"남성","실적2017",920
"남성","실적2018",833
"남성","실적2019",730
"남성","실적2020",NA
"남양유업","실적2017",11670
"남양유업","실적2018",10797
"남양유업","실적2019",10308
"남양유업","실적2020",NA
"남해화학","실적2017",11224
"남해화학","실적2018",12427
"남해화학","실적2019",11872
"남해화학","실적2020",NA
"넥센","실적2017",3140
"넥센","실적2018",13600
"넥센","실적2019",22913
"넥센","실적2020",NA
"넥센타이어","실적2017",19648
"넥센타이어","실적2018",19840
"넥센타이어","실적2019",20223
"넥센타이어","실적2020",17059
"넥스트사이언스","실적2017",157
"넥스트사이언스","실적2018",132
"넥스트사이언스","실적2019",350
"넥스트사이언스","실적2020",NA
"넷마블","실적2017",24248
"넷마블","실적2018",20213
"넷마블","실적2019",21787
"넷마블","실적2020",25566
"노루페인트","실적2017",5514
"노루페인트","실적2018",6147
"노루페인트","실적2019",6475
"노루페인트","실적2020",NA
"노루홀딩스","실적2017",7713
"노루홀딩스","실적2018",8360
"노루홀딩스","실적2019",8843
"노루홀딩스","실적2020",8390
"녹십자","실적2017",12879
"녹십자","실적2018",13349
"녹십자","실적2019",13697
"녹십자","실적2020",14788
"녹십자홀딩스","실적2017",14655
"녹십자홀딩스","실적2018",15487
"녹십자홀딩스","실적2019",15248
"녹십자홀딩스","실적2020",NA
"농심","실적2017",22083
"농심","실적2018",22364
"농심","실적2019",23439
"농심","실적2020",26419
"농심홀딩스","실적2017",4966
"농심홀딩스","실적2018",5432
"농심홀딩스","실적2019",5367
"농심홀딩스","실적2020",NA
"다스코","실적2017",2232
"다스코","실적2018",2408
"다스코","실적2019",2162
"다스코","실적2020",NA
"다우기술","실적2017",13728
"다우기술","실적2018",23470
"다우기술","실적2019",32455
"다우기술","실적2020",NA
"대교","실적2017",8122
"대교","실적2018",7631
"대교","실적2019",7619
"대교","실적2020",6322
"대구백화점","실적2017",947
"대구백화점","실적2018",1200
"대구백화점","실적2019",1015
"대구백화점","실적2020",NA
"대덕","실적2017",5121
"대덕","실적2018",5921
"대덕","실적2019",10722
"대덕","실적2020",NA
"대덕전자","실적2017",NA
"대덕전자","실적2018",NA
"대덕전자","실적2019",NA
"대덕전자","실적2020",8273
"대동공업","실적2017",6101
"대동공업","실적2018",6548
"대동공업","실적2019",8329
"대동공업","실적2020",NA
"대동전자","실적2017",398
"대동전자","실적2018",480
"대동전자","실적2019",450
"대동전자","실적2020",NA
"대림건설","실적2017",8586
"대림건설","실적2018",9656
"대림건설","실적2019",12799
"대림건설","실적2020",NA
"대림비앤코","실적2017",2329
"대림비앤코","실적2018",2472
"대림비앤코","실적2019",2364
"대림비앤코","실적2020",NA
"대림산업","실적2017",123355
"대림산업","실적2018",109845
"대림산업","실적2019",97001
"대림산업","실적2020",104015
"대림통상","실적2017",1972
"대림통상","실적2018",2013
"대림통상","실적2019",1836
"대림통상","실적2020",NA
"대상","실적2017",29688
"대상","실적2018",29568
"대상","실적2019",29640
"대상","실적2020",31191
"대상홀딩스","실적2017",33837
"대상홀딩스","실적2018",33980
"대상홀딩스","실적2019",35525
"대상홀딩스","실적2020",NA
"대성산업","실적2017",9003
"대성산업","실적2018",9455
"대성산업","실적2019",8699
"대성산업","실적2020",NA
"대성에너지","실적2017",7660
"대성에너지","실적2018",7710
"대성에너지","실적2019",7749
"대성에너지","실적2020",NA
"대성홀딩스","실적2017",9031
"대성홀딩스","실적2018",9098
"대성홀딩스","실적2019",9186
"대성홀딩스","실적2020",NA
"대신증권","실적2017",35484
"대신증권","실적2018",25570
"대신증권","실적2019",26967
"대신증권","실적2020",NA
"대양금속","실적2017",1729
"대양금속","실적2018",1650
"대양금속","실적2019",1516
"대양금속","실적2020",NA
"대영포장","실적2017",3121
"대영포장","실적2018",3001
"대영포장","실적2019",2701
"대영포장","실적2020",NA
"대우건설","실적2017",117668
"대우건설","실적2018",106055
"대우건설","실적2019",86519
"대우건설","실적2020",81199
"대우부품","실적2017",580
"대우부품","실적2018",626
"대우부품","실적2019",534
"대우부품","실적2020",NA
"대우조선해양","실적2017",111018
"대우조선해양","실적2018",96444
"대우조선해양","실적2019",83587
"대우조선해양","실적2020",73378
"대웅","실적2017",11240
"대웅","실적2018",12313
"대웅","실적2019",13657
"대웅","실적2020",NA
"대웅제약","실적2017",9603
"대웅제약","실적2018",10314
"대웅제약","실적2019",11134
"대웅제약","실적2020",10470
"대원강업","실적2017",10282
"대원강업","실적2018",9954
"대원강업","실적2019",9602
"대원강업","실적2020",NA
"대원전선","실적2017",5051
"대원전선","실적2018",4295
"대원전선","실적2019",4013
"대원전선","실적2020",NA
"대원제약","실적2017",2655
"대원제약","실적2018",2867
"대원제약","실적2019",3178
"대원제약","실적2020",3212
"대원화성","실적2017",1184
"대원화성","실적2018",1146
"대원화성","실적2019",1331
"대원화성","실적2020",NA
"대유에이텍","실적2017",10699
"대유에이텍","실적2018",11102
"대유에이텍","실적2019",12850
"대유에이텍","실적2020",NA
"대유플러스","실적2017",4577
"대유플러스","실적2018",5034
"대유플러스","실적2019",5300
"대유플러스","실적2020",NA
"대창","실적2017",9833
"대창","실적2018",9513
"대창","실적2019",8990
"대창","실적2020",NA
"대창단조","실적2017",2576
"대창단조","실적2018",3205
"대창단조","실적2019",2773
"대창단조","실적2020",NA
"대한방직","실적2017",2086
"대한방직","실적2018",2090
"대한방직","실적2019",1563
"대한방직","실적2020",NA
"대한유화","실적2017",17794
"대한유화","실적2018",25540
"대한유화","실적2019",20743
"대한유화","실적2020",18551
"대한전선","실적2017",15702
"대한전선","실적2018",16488
"대한전선","실적2019",15547
"대한전선","실적2020",NA
"대한제강","실적2017",12285
"대한제강","실적2018",11338
"대한제강","실적2019",10217
"대한제강","실적2020",11095
"대한제당","실적2017",12745
"대한제당","실적2018",12084
"대한제당","실적2019",12044
"대한제당","실적2020",NA
"대한제분","실적2017",8108
"대한제분","실적2018",8646
"대한제분","실적2019",9339
"대한제분","실적2020",NA
"대한항공","실적2017",120922
"대한항공","실적2018",130116
"대한항공","실적2019",126834
"대한항공","실적2020",77909
"대한해운","실적2017",15264
"대한해운","실적2018",12846
"대한해운","실적2019",10057
"대한해운","실적2020",9286
"대한화섬","실적2017",1108
"대한화섬","실적2018",1077
"대한화섬","실적2019",1142
"대한화섬","실적2020",NA
"대현","실적2017",2837
"대현","실적2018",2863
"대현","실적2019",2996
"대현","실적2020",NA
"대호에이엘","실적2017",1263
"대호에이엘","실적2018",1324
"대호에이엘","실적2019",1175
"대호에이엘","실적2020",NA
"더블유게임즈","실적2017",3193
"더블유게임즈","실적2018",4830
"더블유게임즈","실적2019",5138
"더블유게임즈","실적2020",6793
"더존비즈온","실적2017",2044
"더존비즈온","실적2018",2269
"더존비즈온","실적2019",2627
"더존비즈온","실적2020",3035
"덕성","실적2017",1007
"덕성","실적2018",837
"덕성","실적2019",867
"덕성","실적2020",NA
"덕양산업","실적2017",10465
"덕양산업","실적2018",12922
"덕양산업","실적2019",13594
"덕양산업","실적2020",NA
"덴티움","실적2017",1506
"덴티움","실적2018",1863
"덴티움","실적2019",2526
"덴티움","실적2020",2207
"도화엔지니어링","실적2017",3990
"도화엔지니어링","실적2018",4025
"도화엔지니어링","실적2019",5161
"도화엔지니어링","실적2020",5978
"동국제강","실적2017",60493
"동국제강","실적2018",59649
"동국제강","실적2019",56584
"동국제강","실적2020",52186
"동남합성","실적2017",1374
"동남합성","실적2018",1393
"동남합성","실적2019",1261
"동남합성","실적2020",NA
"동방","실적2017",4670
"동방","실적2018",5264
"동방","실적2019",6330
"동방","실적2020",NA
"동방아그로","실적2017",1202
"동방아그로","실적2018",1211
"동방아그로","실적2019",1246
"동방아그로","실적2020",NA
"동부건설","실적2017",7015
"동부건설","실적2018",8982
"동부건설","실적2019",11554
"동부건설","실적2020",12510
"동서","실적2017",5591
"동서","실적2018",5635
"동서","실적2019",5022
"동서","실적2020",NA
"동성제약","실적2017",824
"동성제약","실적2018",919
"동성제약","실적2019",865
"동성제약","실적2020",NA
"동성코퍼레이션","실적2017",8273
"동성코퍼레이션","실적2018",8131
"동성코퍼레이션","실적2019",8498
"동성코퍼레이션","실적2020",NA
"동성화학","실적2017",2043
"동성화학","실적2018",1914
"동성화학","실적2019",2010
"동성화학","실적2020",1837
"동아쏘시오홀딩스","실적2017",6903
"동아쏘시오홀딩스","실적2018",7075
"동아쏘시오홀딩스","실적2019",7697
"동아쏘시오홀딩스","실적2020",8081
"동아에스티","실적2017",5550
"동아에스티","실적2018",5674
"동아에스티","실적2019",6123
"동아에스티","실적2020",6090
"동아지질","실적2017",3397
"동아지질","실적2018",3607
"동아지질","실적2019",3809
"동아지질","실적2020",NA
"동아타이어","실적2017",283
"동아타이어","실적2018",1613
"동아타이어","실적2019",1560
"동아타이어","실적2020",NA
"동양","실적2017",4831
"동양","실적2018",5297
"동양","실적2019",5391
"동양","실적2020",NA
"동양고속","실적2017",1419
"동양고속","실적2018",1323
"동양고속","실적2019",1405
"동양고속","실적2020",NA
"동양물산기업","실적2017",5283
"동양물산기업","실적2018",5899
"동양물산기업","실적2019",6174
"동양물산기업","실적2020",6631
"동양생명","실적2017",71397
"동양생명","실적2018",57869
"동양생명","실적2019",62540
"동양생명","실적2020",NA
"동양철관","실적2017",1471
"동양철관","실적2018",1620
"동양철관","실적2019",1634
"동양철관","실적2020",NA
"동양피스톤","실적2017",2942
"동양피스톤","실적2018",3322
"동양피스톤","실적2019",3648
"동양피스톤","실적2020",NA
"동원금속","실적2017",4273
"동원금속","실적2018",4586
"동원금속","실적2019",4566
"동원금속","실적2020",NA
"동원산업","실적2017",23811
"동원산업","실적2018",24446
"동원산업","실적2019",26826
"동원산업","실적2020",28900
"동원수산","실적2017",1617
"동원수산","실적2018",1420
"동원수산","실적2019",1640
"동원수산","실적2020",NA
"동원시스템즈","실적2017",9633
"동원시스템즈","실적2018",10263
"동원시스템즈","실적2019",10424
"동원시스템즈","실적2020",NA
"동원F&B","실적2017",25526
"동원F&B","실적2018",28025
"동원F&B","실적2019",30303
"동원F&B","실적2020",32282
"동일고무벨트","실적2017",2598
"동일고무벨트","실적2018",2630
"동일고무벨트","실적2019",2619
"동일고무벨트","실적2020",NA
"동일산업","실적2017",3791
"동일산업","실적2018",3910
"동일산업","실적2019",3547
"동일산업","실적2020",NA
"동일제강","실적2017",1076
"동일제강","실적2018",1240
"동일제강","실적2019",1274
"동일제강","실적2020",NA
"동화약품","실적2017",2589
"동화약품","실적2018",3066
"동화약품","실적2019",3072
"동화약품","실적2020",NA
"두산","실적2017",169134
"두산","실적2018",174493
"두산","실적2019",185357
"두산","실적2020",174582
"두산밥캣","실적2017",33892
"두산밥캣","실적2018",39708
"두산밥캣","실적2019",45096
"두산밥캣","실적2020",42302
"두산솔루스","실적2017",NA
"두산솔루스","실적2018",NA
"두산솔루스","실적2019",700
"두산솔루스","실적2020",3076
"두산인프라코어","실적2017",65679
"두산인프라코어","실적2018",77301
"두산인프라코어","실적2019",81858
"두산인프라코어","실적2020",79038
"두산중공업","실적2017",138413
"두산중공업","실적2018",147611
"두산중공업","실적2019",156597
"두산중공업","실적2020",NA
"두산퓨얼셀","실적2017",NA
"두산퓨얼셀","실적2018",NA
"두산퓨얼셀","실적2019",2212
"두산퓨얼셀","실적2020",4608
"두올","실적2017",3450
"두올","실적2018",4831
"두올","실적2019",4659
"두올","실적2020",NA
"드림텍","실적2017",6794
"드림텍","실적2018",6015
"드림텍","실적2019",5597
"드림텍","실적2020",NA
"디씨엠","실적2017",1336
"디씨엠","실적2018",1221
"디씨엠","실적2019",1453
"디씨엠","실적2020",NA
"디아이","실적2017",1522
"디아이","실적2018",1960
"디아이","실적2019",1095
"디아이","실적2020",NA
"디아이동일","실적2017",8471
"디아이동일","실적2018",9093
"디아이동일","실적2019",9395
"디아이동일","실적2020",NA
"디아이씨","실적2017",6295
"디아이씨","실적2018",5532
"디아이씨","실적2019",5754
"디아이씨","실적2020",NA
"디와이","실적2017",8223
"디와이","실적2018",8910
"디와이","실적2019",8543
"디와이","실적2020",NA
"디와이파워","실적2017",3245
"디와이파워","실적2018",3857
"디와이파워","실적2019",3435
"디와이파워","실적2020",NA
"디티알오토모티브","실적2017",8779
"디티알오토모티브","실적2018",9085
"디티알오토모티브","실적2019",9298
"디티알오토모티브","실적2020",NA
"디피씨","실적2017",1548
"디피씨","실적2018",1577
"디피씨","실적2019",1654
"디피씨","실적2020",NA
"락앤락","실적2017",4174
"락앤락","실적2018",4343
"락앤락","실적2019",4860
"락앤락","실적2020",NA
"롯데관광개발","실적2017",692
"롯데관광개발","실적2018",761
"롯데관광개발","실적2019",884
"롯데관광개발","실적2020",NA
"롯데손해보험","실적2017",33179
"롯데손해보험","실적2018",35245
"롯데손해보험","실적2019",36736
"롯데손해보험","실적2020",NA
"롯데쇼핑","실적2017",179261
"롯데쇼핑","실적2018",178208
"롯데쇼핑","실적2019",176220
"롯데쇼핑","실적2020",163691
"롯데정밀화학","실적2017",11595
"롯데정밀화학","실적2018",13717
"롯데정밀화학","실적2019",13113
"롯데정밀화학","실적2020",12729
"롯데정보통신","실적2017",1491
"롯데정보통신","실적2018",8117
"롯데정보통신","실적2019",8457
"롯데정보통신","실적2020",9111
"롯데제과","실적2017",4048
"롯데제과","실적2018",16945
"롯데제과","실적2019",20930
"롯데제과","실적2020",NA
"롯데지주","실적2017",18690
"롯데지주","실적2018",72712
"롯데지주","실적2019",88562
"롯데지주","실적2020",84410
"롯데칠성음료","실적2017",22793
"롯데칠성음료","실적2018",23463
"롯데칠성음료","실적2019",24295
"롯데칠성음료","실적2020",22770
"롯데케미칼","실적2017",158745
"롯데케미칼","실적2018",160731
"롯데케미칼","실적2019",151235
"롯데케미칼","실적2020",122576
"롯데푸드","실적2017",18186
"롯데푸드","실적2018",18108
"롯데푸드","실적2019",17880
"롯데푸드","실적2020",17304
"롯데하이마트","실적2017",40993
"롯데하이마트","실적2018",41127
"롯데하이마트","실적2019",40265
"롯데하이마트","실적2020",40578
"마니커","실적2017",2546
"마니커","실적2018",2691
"마니커","실적2019",2417
"마니커","실적2020",NA
"만도","실적2017",56847
"만도","실적2018",56648
"만도","실적2019",59819
"만도","실적2020",55013
"만호제강","실적2017",2152
"만호제강","실적2018",2092
"만호제강","실적2019",1964
"만호제강","실적2020",NA
"메리츠금융지주","실적2017",134944
"메리츠금융지주","실적2018",172205
"메리츠금융지주","실적2019",223151
"메리츠금융지주","실적2020",NA
"메리츠증권","실적2017",52976
"메리츠증권","실적2018",87394
"메리츠증권","실적2019",119126
"메리츠증권","실적2020",155724
"메리츠화재","실적2017",79335
"메리츠화재","실적2018",84182
"메리츠화재","실적2019",101180
"메리츠화재","실적2020",NA
"메타랩스","실적2017",268
"메타랩스","실적2018",474
"메타랩스","실적2019",869
"메타랩스","실적2020",NA
"명문제약","실적2017",1401
"명문제약","실적2018",1475
"명문제약","실적2019",1493
"명문제약","실적2020",NA
"모나리자","실적2017",1174
"모나리자","실적2018",1130
"모나리자","실적2019",1180
"모나리자","실적2020",NA
"모나미","실적2017",1377
"모나미","실적2018",1352
"모나미","실적2019",1320
"모나미","실적2020",NA
"모토닉","실적2017",2115
"모토닉","실적2018",1953
"모토닉","실적2019",2076
"모토닉","실적2020",NA
"무림페이퍼","실적2017",10346
"무림페이퍼","실적2018",11091
"무림페이퍼","실적2019",11237
"무림페이퍼","실적2020",NA
"무림P&P","실적2017",6079
"무림P&P","실적2018",6512
"무림P&P","실적2019",6313
"무림P&P","실적2020",5340
"무학","실적2017",2505
"무학","실적2018",1937
"무학","실적2019",1664
"무학","실적2020",NA
"문배철강","실적2017",1560
"문배철강","실적2018",1594
"문배철강","실적2019",1626
"문배철강","실적2020",NA
"미래산업","실적2017",345
"미래산업","실적2018",345
"미래산업","실적2019",277
"미래산업","실적2020",NA
"미래아이앤지","실적2017",77
"미래아이앤지","실적2018",64
"미래아이앤지","실적2019",75
"미래아이앤지","실적2020",NA
"미래에셋대우","실적2017",102986
"미래에셋대우","실적2018",133219
"미래에셋대우","실적2019",154310
"미래에셋대우","실적2020",151716
"미래에셋생명","실적2017",43220
"미래에셋생명","실적2018",37926
"미래에셋생명","실적2019",34858
"미래에셋생명","실적2020",18700
"미원상사","실적2017",3187
"미원상사","실적2018",3286
"미원상사","실적2019",2500
"미원상사","실적2020",NA
"미원에스씨","실적2017",2083
"미원에스씨","실적2018",3604
"미원에스씨","실적2019",3779
"미원에스씨","실적2020",NA
"미원홀딩스","실적2017",1176
"미원홀딩스","실적2018",1420
"미원홀딩스","실적2019",1884
"미원홀딩스","실적2020",NA
"미원화학","실적2017",1511
"미원화학","실적2018",1465
"미원화학","실적2019",1547
"미원화학","실적2020",NA
"미창석유공업","실적2017",3132
"미창석유공업","실적2018",3163
"미창석유공업","실적2019",3237
"미창석유공업","실적2020",NA
"방림","실적2017",1481
"방림","실적2018",1418
"방림","실적2019",1319
"방림","실적2020",NA
"백광산업","실적2017",1450
"백광산업","실적2018",1755
"백광산업","실적2019",1684
"백광산업","실적2020",NA
"백산","실적2017",2114
"백산","실적2018",3231
"백산","실적2019",4689
"백산","실적2020",NA
"범양건영","실적2017",1368
"범양건영","실적2018",1556
"범양건영","실적2019",2761
"범양건영","실적2020",NA
"벽산","실적2017",4147
"벽산","실적2018",4324
"벽산","실적2019",4335
"벽산","실적2020",NA
"보락","실적2017",335
"보락","실적2018",338
"보락","실적2019",361
"보락","실적2020",NA
"보령제약","실적2017",4227
"보령제약","실적2018",4604
"보령제약","실적2019",5243
"보령제약","실적2020",5701
"보해양조","실적2017",996
"보해양조","실적2018",820
"보해양조","실적2019",760
"보해양조","실적2020",NA
"부광약품","실적2017",1507
"부광약품","실적2018",1942
"부광약품","실적2019",1682
"부광약품","실적2020",NA
"부국증권","실적2017",5663
"부국증권","실적2018",6272
"부국증권","실적2019",6100
"부국증권","실적2020",NA
"부국철강","실적2017",1461
"부국철강","실적2018",1424
"부국철강","실적2019",1323
"부국철강","실적2020",NA
"부산도시가스","실적2017",9352
"부산도시가스","실적2018",9518
"부산도시가스","실적2019",9728
"부산도시가스","실적2020",NA
"부산산업","실적2017",1178
"부산산업","실적2018",1194
"부산산업","실적2019",1410
"부산산업","실적2020",NA
"부산주공","실적2017",1907
"부산주공","실적2018",2038
"부산주공","실적2019",2046
"부산주공","실적2020",NA
"비비안","실적2017",2152
"비비안","실적2018",2114
"비비안","실적2019",2001
"비비안","실적2020",NA
"비상교육","실적2017",1456
"비상교육","실적2018",1619
"비상교육","실적2019",1994
"비상교육","실적2020",NA
"비케이탑스","실적2017",863
"비케이탑스","실적2018",700
"비케이탑스","실적2019",557
"비케이탑스","실적2020",NA
"비티원","실적2017",71
"비티원","실적2018",76
"비티원","실적2019",98
"비티원","실적2020",NA
"빅히트","실적2017",924
"빅히트","실적2018",3014
"빅히트","실적2019",5872
"빅히트","실적2020",7403
"빙그레","실적2017",8147
"빙그레","실적2018",8552
"빙그레","실적2019",8783
"빙그레","실적2020",9340
"사조대림","실적2017",9874
"사조대림","실적2018",9371
"사조대림","실적2019",13297
"사조대림","실적2020",NA
"사조동아원","실적2017",3951
"사조동아원","실적2018",4130
"사조동아원","실적2019",4122
"사조동아원","실적2020",NA
"사조산업","실적2017",8160
"사조산업","실적2018",7821
"사조산업","실적2019",7354
"사조산업","실적2020",NA
"사조씨푸드","실적2017",3782
"사조씨푸드","실적2018",3971
"사조씨푸드","실적2019",3489
"사조씨푸드","실적2020",NA
"사조오양","실적2017",3102
"사조오양","실적2018",2961
"사조오양","실적2019",3136
"사조오양","실적2020",NA
"삼부토건","실적2017",2804
"삼부토건","실적2018",1774
"삼부토건","실적2019",2263
"삼부토건","실적2020",NA
"삼성공조","실적2017",918
"삼성공조","실적2018",809
"삼성공조","실적2019",752
"삼성공조","실적2020",NA
"삼성물산","실적2017",292790
"삼성물산","실적2018",311556
"삼성물산","실적2019",307615
"삼성물산","실적2020",299718
"삼성바이오로직스","실적2017",4646
"삼성바이오로직스","실적2018",5358
"삼성바이오로직스","실적2019",7016
"삼성바이오로직스","실적2020",10629
"삼성생명","실적2017",319590
"삼성생명","실적2018",322409
"삼성생명","실적2019",318040
"삼성생명","실적2020",178567
"삼성에스디에스","실적2017",92992
"삼성에스디에스","실적2018",100342
"삼성에스디에스","실적2019",107196
"삼성에스디에스","실적2020",108330
"삼성엔지니어링","실적2017",55362
"삼성엔지니어링","실적2018",54798
"삼성엔지니어링","실적2019",63680
"삼성엔지니어링","실적2020",65453
"삼성전기","실적2017",68385
"삼성전기","실적2018",80020
"삼성전기","실적2019",80408
"삼성전기","실적2020",84792
"삼성전자","실적2017",2395754
"삼성전자","실적2018",2437714
"삼성전자","실적2019",2304009
"삼성전자","실적2020",2384040
"삼성제약","실적2017",419
"삼성제약","실적2018",465
"삼성제약","실적2019",446
"삼성제약","실적2020",NA
"삼성중공업","실적2017",79012
"삼성중공업","실적2018",52651
"삼성중공업","실적2019",73497
"삼성중공업","실적2020",71108
"삼성증권","실적2017",44855
"삼성증권","실적2018",48902
"삼성증권","실적2019",66562
"삼성증권","실적2020",95076
"삼성출판사","실적2017",1766
"삼성출판사","실적2018",1861
"삼성출판사","실적2019",2020
"삼성출판사","실적2020",NA
"삼성카드","실적2017",39000
"삼성카드","실적2018",33542
"삼성카드","실적2019",32934
"삼성카드","실적2020",32768
"삼성화재해상보험","실적2017",220136
"삼성화재해상보험","실적2018",222090
"삼성화재해상보험","실적2019",230334
"삼성화재해상보험","실적2020",50
"삼성SDI","실적2017",63466
"삼성SDI","실적2018",91583
"삼성SDI","실적2019",100974
"삼성SDI","실적2020",115743
"삼아알미늄","실적2017",1369
"삼아알미늄","실적2018",1713
"삼아알미늄","실적2019",1911
"삼아알미늄","실적2020",NA
"삼양사","실적2017",20412
"삼양사","실적2018",21238
"삼양사","실적2019",20964
"삼양사","실적2020",NA
"삼양식품","실적2017",4585
"삼양식품","실적2018",4694
"삼양식품","실적2019",5436
"삼양식품","실적2020",6732
"삼양통상","실적2017",1706
"삼양통상","실적2018",1832
"삼양통상","실적2019",1921
"삼양통상","실적2020",NA
"삼양패키징","실적2017",3334
"삼양패키징","실적2018",3663
"삼양패키징","실적2019",3754
"삼양패키징","실적2020",3654
"삼양홀딩스","실적2017",23963
"삼양홀딩스","실적2018",25635
"삼양홀딩스","실적2019",24886
"삼양홀딩스","실적2020",NA
"삼영무역","실적2017",2594
"삼영무역","실적2018",2693
"삼영무역","실적2019",2742
"삼영무역","실적2020",NA
"삼영전자공업","실적2017",2294
"삼영전자공업","실적2018",2497
"삼영전자공업","실적2019",2010
"삼영전자공업","실적2020",1932
"삼영화학공업","실적2017",1004
"삼영화학공업","실적2018",1029
"삼영화학공업","실적2019",1111
"삼영화학공업","실적2020",NA
"삼원강재","실적2017",2762
"삼원강재","실적2018",2868
"삼원강재","실적2019",2693
"삼원강재","실적2020",NA
"삼익악기","실적2017",2220
"삼익악기","실적2018",2400
"삼익악기","실적2019",2654
"삼익악기","실적2020",NA
"삼익THK","실적2017",3711
"삼익THK","실적2018",2831
"삼익THK","실적2019",2320
"삼익THK","실적2020",NA
"삼일씨엔에스","실적2017",2209
"삼일씨엔에스","실적2018",2056
"삼일씨엔에스","실적2019",1955
"삼일씨엔에스","실적2020",NA
"삼일제약","실적2017",920
"삼일제약","실적2018",946
"삼일제약","실적2019",1211
"삼일제약","실적2020",NA
"삼정펄프","실적2017",1434
"삼정펄프","실적2018",1356
"삼정펄프","실적2019",1471
"삼정펄프","실적2020",NA
"삼진제약","실적2017",2453
"삼진제약","실적2018",2600
"삼진제약","실적2019",2419
"삼진제약","실적2020",2402
"삼천리","실적2017",32951
"삼천리","실적2018",34562
"삼천리","실적2019",34616
"삼천리","실적2020",33171
"삼호개발","실적2017",2657
"삼호개발","실적2018",2987
"삼호개발","실적2019",3646
"삼호개발","실적2020",NA
"삼화왕관","실적2017",1049
"삼화왕관","실적2018",1080
"삼화왕관","실적2019",1160
"삼화왕관","실적2020",NA
"삼화전기","실적2017",2070
"삼화전기","실적2018",2047
"삼화전기","실적2019",1951
"삼화전기","실적2020",NA
"삼화전자공업","실적2017",442
"삼화전자공업","실적2018",421
"삼화전자공업","실적2019",418
"삼화전자공업","실적2020",NA
"삼화콘덴서공업","실적2017",1993
"삼화콘덴서공업","실적2018",2744
"삼화콘덴서공업","실적2019",2545
"삼화콘덴서공업","실적2020",2507
"삼화페인트공업","실적2017",4881
"삼화페인트공업","실적2018",5242
"삼화페인트공업","실적2019",5403
"삼화페인트공업","실적2020",NA
"상상인증권","실적2017",454
"상상인증권","실적2018",343
"상상인증권","실적2019",342
"상상인증권","실적2020",NA
"상신브레이크","실적2017",3845
"상신브레이크","실적2018",3787
"상신브레이크","실적2019",3919
"상신브레이크","실적2020",NA
"새론오토모티브","실적2017",1835
"새론오토모티브","실적2018",1676
"새론오토모티브","실적2019",1527
"새론오토모티브","실적2020",NA
"샘표","실적2017",2634
"샘표","실적2018",2759
"샘표","실적2019",2810
"샘표","실적2020",NA
"샘표식품","실적2017",2632
"샘표식품","실적2018",2756
"샘표식품","실적2019",2808
"샘표식품","실적2020",NA
"서연","실적2017",29132
"서연","실적2018",20784
"서연","실적2019",22026
"서연","실적2020",NA
"서연이화","실적2017",20075
"서연이화","실적2018",18508
"서연이화","실적2019",19768
"서연이화","실적2020",NA
"서울도시가스","실적2017",13504
"서울도시가스","실적2018",13890
"서울도시가스","실적2019",13610
"서울도시가스","실적2020",NA
"서울식품공업","실적2017",565
"서울식품공업","실적2018",708
"서울식품공업","실적2019",621
"서울식품공업","실적2020",NA
"서원","실적2017",2572
"서원","실적2018",2580
"서원","실적2019",2577
"서원","실적2020",NA
"서흥","실적2017",3500
"서흥","실적2018",3935
"서흥","실적2019",4607
"서흥","실적2020",5693
"선도전기","실적2017",1084
"선도전기","실적2018",838
"선도전기","실적2019",893
"선도전기","실적2020",NA
"선진","실적2017",8167
"선진","실적2018",9124
"선진","실적2019",10140
"선진","실적2020",NA
"선창산업","실적2017",6218
"선창산업","실적2018",5623
"선창산업","실적2019",4559
"선창산업","실적2020",NA
"성문전자","실적2017",461
"성문전자","실적2018",413
"성문전자","실적2019",359
"성문전자","실적2020",NA
"성보화학","실적2017",584
"성보화학","실적2018",495
"성보화학","실적2019",419
"성보화학","실적2020",NA
"성신양회","실적2017",6472
"성신양회","실적2018",6881
"성신양회","실적2019",7074
"성신양회","실적2020",NA
"성안","실적2017",2031
"성안","실적2018",2202
"성안","실적2019",2169
"성안","실적2020",NA
"성창기업지주","실적2017",1783
"성창기업지주","실적2018",1370
"성창기업지주","실적2019",1510
"성창기업지주","실적2020",NA
"세기상사","실적2017",56
"세기상사","실적2018",52
"세기상사","실적2019",51
"세기상사","실적2020",NA
"세방","실적2017",6661
"세방","실적2018",6517
"세방","실적2019",7233
"세방","실적2020",NA
"세방전지","실적2017",11111
"세방전지","실적2018",11809
"세방전지","실적2019",11390
"세방전지","실적2020",NA
"세아베스틸","실적2017",30553
"세아베스틸","실적2018",32781
"세아베스틸","실적2019",29607
"세아베스틸","실적2020",24915
"세아제강","실적2017",NA
"세아제강","실적2018",4334
"세아제강","실적2019",12272
"세아제강","실적2020",11422
"세아제강지주","실적2017",15070
"세아제강지주","실적2018",17817
"세아제강지주","실적2019",26439
"세아제강지주","실적2020",NA
"세아특수강","실적2017",7299
"세아특수강","실적2018",7236
"세아특수강","실적2019",7175
"세아특수강","실적2020",NA
"세아홀딩스","실적2017",47944
"세아홀딩스","실적2018",51769
"세아홀딩스","실적2019",49307
"세아홀딩스","실적2020",NA
"세우글로벌","실적2017",364
"세우글로벌","실적2018",322
"세우글로벌","실적2019",275
"세우글로벌","실적2020",NA
"세원셀론텍","실적2017",1581
"세원셀론텍","실적2018",1338
"세원셀론텍","실적2019",1819
"세원셀론텍","실적2020",NA
"세원정공","실적2017",2295
"세원정공","실적2018",1907
"세원정공","실적2019",1569
"세원정공","실적2020",NA
"세이브존I&C","실적2017",1784
"세이브존I&C","실적2018",1739
"세이브존I&C","실적2019",1592
"세이브존I&C","실적2020",NA
"세종공업","실적2017",10359
"세종공업","실적2018",10995
"세종공업","실적2019",12217
"세종공업","실적2020",NA
"세진중공업","실적2017",2518
"세진중공업","실적2018",2182
"세진중공업","실적2019",2959
"세진중공업","실적2020",2829
"세하","실적2017",1645
"세하","실적2018",1772
"세하","실적2019",1777
"세하","실적2020",1979
"세화아이엠씨","실적2017",1653
"세화아이엠씨","실적2018",1208
"세화아이엠씨","실적2019",994
"세화아이엠씨","실적2020",NA
"센트랄모텍","실적2017",3294
"센트랄모텍","실적2018",3133
"센트랄모텍","실적2019",2921
"센트랄모텍","실적2020",NA
"센트럴인사이트","실적2017",346
"센트럴인사이트","실적2018",360
"센트럴인사이트","실적2019",674
"센트럴인사이트","실적2020",NA
"셀트리온","실적2017",9491
"셀트리온","실적2018",9821
"셀트리온","실적2019",11285
"셀트리온","실적2020",18655
"송원산업","실적2017",7249
"송원산업","실적2018",7887
"송원산업","실적2019",8143
"송원산업","실적2020",7910
"수산중공업","실적2017",1019
"수산중공업","실적2018",846
"수산중공업","실적2019",1578
"수산중공업","실적2020",NA
"시디즈","실적2017",125
"시디즈","실적2018",1410
"시디즈","실적2019",1929
"시디즈","실적2020",NA
"신대양제지","실적2017",5128
"신대양제지","실적2018",7094
"신대양제지","실적2019",6468
"신대양제지","실적2020",NA
"신도리코","실적2017",5584
"신도리코","실적2018",5579
"신도리코","실적2019",4271
"신도리코","실적2020",NA
"신라교역","실적2017",4131
"신라교역","실적2018",3553
"신라교역","실적2019",3696
"신라교역","실적2020",NA
"신성이엔지","실적2017",5745
"신성이엔지","실적2018",4247
"신성이엔지","실적2019",4511
"신성이엔지","실적2020",4698
"신성통상","실적2017",8211
"신성통상","실적2018",9549
"신성통상","실적2019",10272
"신성통상","실적2020",NA
"신세계","실적2017",38714
"신세계","실적2018",51857
"신세계","실적2019",63942
"신세계","실적2020",49414
"신세계건설","실적2017",10644
"신세계건설","실적2018",10843
"신세계건설","실적2019",10162
"신세계건설","실적2020",NA
"신세계인터내셔날","실적2017",11025
"신세계인터내셔날","실적2018",12627
"신세계인터내셔날","실적2019",14250
"신세계인터내셔날","실적2020",13438
"신세계푸드","실적2017",12075
"신세계푸드","실적2018",12786
"신세계푸드","실적2019",13201
"신세계푸드","실적2020",12625
"신세계I&C","실적2017",3201
"신세계I&C","실적2018",3735
"신세계I&C","실적2019",4560
"신세계I&C","실적2020",4898
"신송홀딩스","실적2017",2865
"신송홀딩스","실적2018",1633
"신송홀딩스","실적2019",2630
"신송홀딩스","실적2020",NA
"신영와코루","실적2017",1824
"신영와코루","실적2018",1714
"신영와코루","실적2019",1762
"신영와코루","실적2020",NA
"신영증권","실적2017",16429
"신영증권","실적2018",16651
"신영증권","실적2019",25676
"신영증권","실적2020",NA
"신원","실적2017",6399
"신원","실적2018",6215
"신원","실적2019",6749
"신원","실적2020",NA
"신일전자","실적2017",1446
"신일전자","실적2018",1687
"신일전자","실적2019",1459
"신일전자","실적2020",NA
"신풍제약","실적2017",1850
"신풍제약","실적2018",1874
"신풍제약","실적2019",1897
"신풍제약","실적2020",NA
"신풍제지","실적2017",1443
"신풍제지","실적2018",1541
"신풍제지","실적2019",1569
"신풍제지","실적2020",NA
"신한지주","실적2017",239892
"신한지주","실적2018",238119
"신한지주","실적2019",300050
"신한지주","실적2020",NA
"신화실업","실적2017",613
"신화실업","실적2018",716
"신화실업","실적2019",741
"신화실업","실적2020",NA
"신흥","실적2017",1211
"신흥","실적2018",1215
"신흥","실적2019",1230
"신흥","실적2020",NA
"쌍방울","실적2017",1096
"쌍방울","실적2018",1017
"쌍방울","실적2019",965
"쌍방울","실적2020",NA
"쌍용양회공업","실적2017",15171
"쌍용양회공업","실적2018",15100
"쌍용양회공업","실적2019",15385
"쌍용양회공업","실적2020",14542
"쌍용자동차","실적2017",34946
"쌍용자동차","실적2018",37048
"쌍용자동차","실적2019",36239
"쌍용자동차","실적2020",NA
"써니전자","실적2017",187
"써니전자","실적2018",187
"써니전자","실적2019",256
"써니전자","실적2020",NA
"쎌마테라퓨틱스","실적2017",666
"쎌마테라퓨틱스","실적2018",378
"쎌마테라퓨틱스","실적2019",77
"쎌마테라퓨틱스","실적2020",NA
"씨아이테크","실적2017",217
"씨아이테크","실적2018",323
"씨아이테크","실적2019",407
"씨아이테크","실적2020",NA
"씨에스윈드","실적2017",3122
"씨에스윈드","실적2018",5022
"씨에스윈드","실적2019",7994
"씨에스윈드","실적2020",9793
"아남전자","실적2017",1763
"아남전자","실적2018",1923
"아남전자","실적2019",2433
"아남전자","실적2020",NA
"아모레퍼시픽","실적2017",51238
"아모레퍼시픽","실적2018",52778
"아모레퍼시픽","실적2019",55801
"아모레퍼시픽","실적2020",44457
"아모레퍼시픽그룹","실적2017",60291
"아모레퍼시픽그룹","실적2018",60782
"아모레퍼시픽그룹","실적2019",62843
"아모레퍼시픽그룹","실적2020",49688
"아세아","실적2017",11978
"아세아","실적2018",16276
"아세아","실적2019",15424
"아세아","실적2020",NA
"아세아시멘트","실적2017",4612
"아세아시멘트","실적2018",8438
"아세아시멘트","실적2019",8368
"아세아시멘트","실적2020",NA
"아세아제지","실적2017",7286
"아세아제지","실적2018",7758
"아세아제지","실적2019",6977
"아세아제지","실적2020",NA
"아시아나항공","실적2017",65941
"아시아나항공","실적2018",71834
"아시아나항공","실적2019",69658
"아시아나항공","실적2020",41442
"아시아나IDT","실적2017",2649
"아시아나IDT","실적2018",2454
"아시아나IDT","실적2019",2461
"아시아나IDT","실적2020",NA
"아이마켓코리아","실적2017",30805
"아이마켓코리아","실적2018",29352
"아이마켓코리아","실적2019",29238
"아이마켓코리아","실적2020",NA
"아이에스동서","실적2017",18330
"아이에스동서","실적2018",15968
"아이에스동서","실적2019",9641
"아이에스동서","실적2020",11956
"아이에이치큐","실적2017",1268
"아이에이치큐","실적2018",1094
"아이에이치큐","실적2019",993
"아이에이치큐","실적2020",NA
"아주캐피탈","실적2017",6216
"아주캐피탈","실적2018",6152
"아주캐피탈","실적2019",7264
"아주캐피탈","실적2020",NA
"알루코","실적2017",4617
"알루코","실적2018",5068
"알루코","실적2019",4544
"알루코","실적2020",NA
"애경산업","실적2017",6289
"애경산업","실적2018",6996
"애경산업","실적2019",7013
"애경산업","실적2020",5978
"애경유화","실적2017",9598
"애경유화","실적2018",10314
"애경유화","실적2019",10170
"애경유화","실적2020",8781
"에넥스","실적2017",4345
"에넥스","실적2018",4457
"에넥스","실적2019",3636
"에넥스","실적2020",NA
"에스엘","실적2017",14894
"에스엘","실적2018",15986
"에스엘","실적2019",22622
"에스엘","실적2020",24171
"에스원","실적2017",19423
"에스원","실적2018",20183
"에스원","실적2019",21515
"에스원","실적2020",22017
"에스제이엠","실적2017",1631
"에스제이엠","실적2018",1553
"에스제이엠","실적2019",1577
"에스제이엠","실적2020",NA
"에스제이엠홀딩스","실적2017",1698
"에스제이엠홀딩스","실적2018",1607
"에스제이엠홀딩스","실적2019",1608
"에스제이엠홀딩스","실적2020",NA
"에스케이바이오팜","실적2017",899
"에스케이바이오팜","실적2018",11
"에스케이바이오팜","실적2019",1239
"에스케이바이오팜","실적2020",NA
"에쓰씨엔지니어링","실적2017",2517
"에쓰씨엔지니어링","실적2018",2508
"에쓰씨엔지니어링","실적2019",2401
"에쓰씨엔지니어링","실적2020",NA
"에어부산","실적2017",5617
"에어부산","실적2018",6536
"에어부산","실적2019",6332
"에어부산","실적2020",NA
"에이블씨엔씨","실적2017",3733
"에이블씨엔씨","실적2018",3455
"에이블씨엔씨","실적2019",4222
"에이블씨엔씨","실적2020",NA
"에이엔피","실적2017",1012
"에이엔피","실적2018",1078
"에이엔피","실적2019",1058
"에이엔피","실적2020",NA
"에이프로젠 KIC","실적2017",404
"에이프로젠 KIC","실적2018",510
"에이프로젠 KIC","실적2019",782
"에이프로젠 KIC","실적2020",NA
"에이프로젠제약","실적2017",461
"에이프로젠제약","실적2018",454
"에이프로젠제약","실적2019",509
"에이프로젠제약","실적2020",NA
"에이플러스에셋","실적2017",1963
"에이플러스에셋","실적2018",2037
"에이플러스에셋","실적2019",2694
"에이플러스에셋","실적2020",NA
"엔씨소프트","실적2017",17587
"엔씨소프트","실적2018",17151
"엔씨소프트","실적2019",17012
"엔씨소프트","실적2020",24098
"엔에스쇼핑","실적2017",4768
"엔에스쇼핑","실적2018",4741
"엔에스쇼핑","실적2019",4980
"엔에스쇼핑","실적2020",5512
"엔에이치엔","실적2017",9091
"엔에이치엔","실적2018",12646
"엔에이치엔","실적2019",14886
"엔에이치엔","실적2020",16774
"엔케이","실적2017",1218
"엔케이","실적2018",1084
"엔케이","실적2019",1085
"엔케이","실적2020",NA
"엔케이물산","실적2017",281
"엔케이물산","실적2018",65
"엔케이물산","실적2019",88
"엔케이물산","실적2020",NA
"엔피씨","실적2017",3863
"엔피씨","실적2018",4149
"엔피씨","실적2019",4545
"엔피씨","실적2020",NA
"엘브이엠씨","실적2017",3332
"엘브이엠씨","실적2018",2940
"엘브이엠씨","실적2019",3637
"엘브이엠씨","실적2020",NA
"엘에스일렉트릭","실적2017",23437
"엘에스일렉트릭","실적2018",24850
"엘에스일렉트릭","실적2019",23468
"엘에스일렉트릭","실적2020",24151
"영보화학","실적2017",1646
"영보화학","실적2018",1439
"영보화학","실적2019",1312
"영보화학","실적2020",NA
"영원무역","실적2017",20093
"영원무역","실적2018",21013
"영원무역","실적2019",23883
"영원무역","실적2020",24499
"영원무역홀딩스","실적2017",23848
"영원무역홀딩스","실적2018",25187
"영원무역홀딩스","실적2019",27380
"영원무역홀딩스","실적2020",NA
"영진약품","실적2017",1950
"영진약품","실적2018",1864
"영진약품","실적2019",2205
"영진약품","실적2020",NA
"영풍","실적2017",37249
"영풍","실적2018",29714
"영풍","실적2019",30841
"영풍","실적2020",32880
"영풍제지","실적2017",1051
"영풍제지","실적2018",1112
"영풍제지","실적2019",997
"영풍제지","실적2020",NA
"영화금속","실적2017",1805
"영화금속","실적2018",2267
"영화금속","실적2019",2326
"영화금속","실적2020",NA
"영흥","실적2017",1774
"영흥","실적2018",1965
"영흥","실적2019",1975
"영흥","실적2020",NA
"예스코홀딩스","실적2017",11152
"예스코홀딩스","실적2018",10954
"예스코홀딩스","실적2019",11082
"예스코홀딩스","실적2020",NA
"오뚜기","실적2017",21262
"오뚜기","실적2018",22468
"오뚜기","실적2019",23597
"오뚜기","실적2020",25741
"오리엔트바이오","실적2017",256
"오리엔트바이오","실적2018",304
"오리엔트바이오","실적2019",377
"오리엔트바이오","실적2020",NA
"오리온","실적2017",10733
"오리온","실적2018",19269
"오리온","실적2019",20233
"오리온","실적2020",22483
"오리온홀딩스","실적2017",1127
"오리온홀딩스","실적2018",19977
"오리온홀딩스","실적2019",21036
"오리온홀딩스","실적2020",NA
"용평리조트","실적2017",2097
"용평리조트","실적2018",1814
"용평리조트","실적2019",1294
"용평리조트","실적2020",NA
"우리금융지주","실적2017",NA
"우리금융지주","실적2018",NA
"우리금융지주","실적2019",227083
"우리금융지주","실적2020",NA
"우리들제약","실적2017",799
"우리들제약","실적2018",891
"우리들제약","실적2019",951
"우리들제약","실적2020",NA
"우리들휴브레인","실적2017",356
"우리들휴브레인","실적2018",336
"우리들휴브레인","실적2019",562
"우리들휴브레인","실적2020",NA
"우리종금","실적2017",1835
"우리종금","실적2018",2054
"우리종금","실적2019",2051
"우리종금","실적2020",NA
"우성사료","실적2017",2755
"우성사료","실적2018",2893
"우성사료","실적2019",3408
"우성사료","실적2020",NA
"우신시스템","실적2017",2440
"우신시스템","실적2018",3030
"우신시스템","실적2019",3004
"우신시스템","실적2020",NA
"우진","실적2017",983
"우진","실적2018",939
"우진","실적2019",889
"우진","실적2020",NA
"우진아이엔에스","실적2017",1404
"우진아이엔에스","실적2018",1330
"우진아이엔에스","실적2019",1073
"우진아이엔에스","실적2020",NA
"우진플라임","실적2017",2296
"우진플라임","실적2018",1719
"우진플라임","실적2019",1818
"우진플라임","실적2020",NA
"웅진","실적2017",2828
"웅진","실적2018",2787
"웅진","실적2019",8199
"웅진","실적2020",NA
"웅진씽크빅","실적2017",6243
"웅진씽크빅","실적2018",6429
"웅진씽크빅","실적2019",6522
"웅진씽크빅","실적2020",6550
"원림","실적2017",741
"원림","실적2018",789
"원림","실적2019",791
"원림","실적2020",NA
"웰바이오텍","실적2017",708
"웰바이오텍","실적2018",739
"웰바이오텍","실적2019",838
"웰바이오텍","실적2020",NA
"윌비스","실적2017",2910
"윌비스","실적2018",2777
"윌비스","실적2019",2696
"윌비스","실적2020",NA
"유나이티드","실적2017",1970
"유나이티드","실적2018",2119
"유나이티드","실적2019",2213
"유나이티드","실적2020",NA
"유니드","실적2017",7624
"유니드","실적2018",8140
"유니드","실적2019",8752
"유니드","실적2020",8902
"유니온","실적2017",1811
"유니온","실적2018",2089
"유니온","실적2019",2124
"유니온","실적2020",NA
"유니온머티리얼","실적2017",1099
"유니온머티리얼","실적2018",1123
"유니온머티리얼","실적2019",1091
"유니온머티리얼","실적2020",NA
"유니켐","실적2017",661
"유니켐","실적2018",836
"유니켐","실적2019",1088
"유니켐","실적2020",NA
"유니퀘스트","실적2017",2461
"유니퀘스트","실적2018",2656
"유니퀘스트","실적2019",3353
"유니퀘스트","실적2020",3808
"유성기업","실적2017",2517
"유성기업","실적2018",2466
"유성기업","실적2019",2596
"유성기업","실적2020",NA
"유수홀딩스","실적2017",4336
"유수홀딩스","실적2018",3843
"유수홀딩스","실적2019",3661
"유수홀딩스","실적2020",NA
"유안타증권","실적2017",19280
"유안타증권","실적2018",20372
"유안타증권","실적2019",21318
"유안타증권","실적2020",NA
"유양디앤유","실적2017",1121
"유양디앤유","실적2018",911
"유양디앤유","실적2019",1083
"유양디앤유","실적2020",NA
"유엔젤","실적2017",319
"유엔젤","실적2018",335
"유엔젤","실적2019",266
"유엔젤","실적2020",NA
"유유제약","실적2017",629
"유유제약","실적2018",831
"유유제약","실적2019",909
"유유제약","실적2020",NA
"유진증권","실적2017",7318
"유진증권","실적2018",8165
"유진증권","실적2019",9767
"유진증권","실적2020",NA
"유한양행","실적2017",14622
"유한양행","실적2018",15188
"유한양행","실적2019",14804
"유한양행","실적2020",15928
"유화증권","실적2017",188
"유화증권","실적2018",210
"유화증권","실적2019",207
"유화증권","실적2020",NA
"율촌화학","실적2017",4922
"율촌화학","실적2018",4898
"율촌화학","실적2019",5066
"율촌화학","실적2020",NA
"이건산업","실적2017",2987
"이건산업","실적2018",3396
"이건산업","실적2019",2797
"이건산업","실적2020",NA
"이구산업","실적2017",2293
"이구산업","실적2018",2272
"이구산업","실적2019",2103
"이구산업","실적2020",NA
"이노션","실적2017",11387
"이노션","실적2018",12392
"이노션","실적2019",12743
"이노션","실적2020",12576
"이마트","실적2017",155149
"이마트","실적2018",170491
"이마트","실적2019",190629
"이마트","실적2020",219590
"이수페타시스","실적2017",5313
"이수페타시스","실적2018",5603
"이수페타시스","실적2019",5142
"이수페타시스","실적2020",NA
"이수화학","실적2017",15078
"이수화학","실적2018",15311
"이수화학","실적2019",15162
"이수화학","실적2020",13339
"이스타코","실적2017",539
"이스타코","실적2018",266
"이스타코","실적2019",238
"이스타코","실적2020",NA
"이아이디","실적2017",844
"이아이디","실적2018",1213
"이아이디","실적2019",1410
"이아이디","실적2020",NA
"이엔플러스","실적2017",447
"이엔플러스","실적2018",398
"이엔플러스","실적2019",404
"이엔플러스","실적2020",NA
"이연제약","실적2017",1263
"이연제약","실적2018",1230
"이연제약","실적2019",1316
"이연제약","실적2020",NA
"이월드","실적2017",350
"이월드","실적2018",336
"이월드","실적2019",1832
"이월드","실적2020",NA
"이화산업","실적2017",657
"이화산업","실적2018",691
"이화산업","실적2019",617
"이화산업","실적2020",NA
"인디에프","실적2017",2011
"인디에프","실적2018",1976
"인디에프","실적2019",2025
"인디에프","실적2020",NA
"인스코비","실적2017",496
"인스코비","실적2018",586
"인스코비","실적2019",753
"인스코비","실적2020",NA
"인지컨트롤스","실적2017",5409
"인지컨트롤스","실적2018",5041
"인지컨트롤스","실적2019",4942
"인지컨트롤스","실적2020",NA
"인천도시가스","실적2017",5376
"인천도시가스","실적2018",5844
"인천도시가스","실적2019",5735
"인천도시가스","실적2020",NA
"인터지스","실적2017",5020
"인터지스","실적2018",4924
"인터지스","실적2019",4782
"인터지스","실적2020",NA
"인팩","실적2017",2388
"인팩","실적2018",3504
"인팩","실적2019",3608
"인팩","실적2020",NA
"일동제약","실적2017",4607
"일동제약","실적2018",5039
"일동제약","실적2019",5175
"일동제약","실적2020",5610
"일동홀딩스","실적2017",411
"일동홀딩스","실적2018",471
"일동홀딩스","실적2019",2922
"일동홀딩스","실적2020",NA
"일성건설","실적2017",4208
"일성건설","실적2018",3640
"일성건설","실적2019",3758
"일성건설","실적2020",NA
"일성신약","실적2017",670
"일성신약","실적2018",617
"일성신약","실적2019",484
"일성신약","실적2020",NA
"일신방직","실적2017",4925
"일신방직","실적2018",5039
"일신방직","실적2019",4962
"일신방직","실적2020",NA
"일신석재","실적2017",527
"일신석재","실적2018",541
"일신석재","실적2019",667
"일신석재","실적2020",NA
"일양약품","실적2017",2698
"일양약품","실적2018",3000
"일양약품","실적2019",3246
"일양약품","실적2020",NA
"일정실업","실적2017",491
"일정실업","실적2018",480
"일정실업","실적2019",398
"일정실업","실적2020",NA
"일진다이아","실적2017",1189
"일진다이아","실적2018",1340
"일진다이아","실적2019",1611
"일진다이아","실적2020",NA
"일진디스플","실적2017",2513
"일진디스플","실적2018",2064
"일진디스플","실적2019",957
"일진디스플","실적2020",841
"일진머티리얼즈","실적2017",4540
"일진머티리얼즈","실적2018",5020
"일진머티리얼즈","실적2019",5502
"일진머티리얼즈","실적2020",5907
"일진전기","실적2017",7620
"일진전기","실적2018",7314
"일진전기","실적2019",6683
"일진전기","실적2020",NA
"일진홀딩스","실적2017",9400
"일진홀딩스","실적2018",9294
"일진홀딩스","실적2019",8962
"일진홀딩스","실적2020",9160
"잇츠한불","실적2017",2457
"잇츠한불","실적2018",2141
"잇츠한불","실적2019",2045
"잇츠한불","실적2020",NA
"자이에스앤디","실적2017",1417
"자이에스앤디","실적2018",2127
"자이에스앤디","실적2019",2779
"자이에스앤디","실적2020",3500
"자화전자","실적2017",4456
"자화전자","실적2018",3583
"자화전자","실적2019",3630
"자화전자","실적2020",2955
"전방","실적2017",1825
"전방","실적2018",1493
"전방","실적2019",1375
"전방","실적2020",NA
"제이에스코퍼레이션","실적2017",2363
"제이에스코퍼레이션","실적2018",2056
"제이에스코퍼레이션","실적2019",2531
"제이에스코퍼레이션","실적2020",NA
"제이준코스메틱","실적2017",1297
"제이준코스메틱","실적2018",1320
"제이준코스메틱","실적2019",526
"제이준코스메틱","실적2020",NA
"제이콘텐트리","실적2017",4203
"제이콘텐트리","실적2018",5113
"제이콘텐트리","실적2019",5542
"제이콘텐트리","실적2020",3938
"제일기획","실적2017",33750
"제일기획","실적2018",34779
"제일기획","실적2019",34217
"제일기획","실적2020",28602
"제일약품","실적2017",3716
"제일약품","실적2018",6271
"제일약품","실적2019",6714
"제일약품","실적2020",NA
"제일연마","실적2017",825
"제일연마","실적2018",822
"제일연마","실적2019",811
"제일연마","실적2020",NA
"제일파마홀딩스","실적2017",482
"제일파마홀딩스","실적2018",1427
"제일파마홀딩스","실적2019",7311
"제일파마홀딩스","실적2020",NA
"제주은행","실적2017",2087
"제주은행","실적2018",2245
"제주은행","실적2019",2404
"제주은행","실적2020",NA
"제주항공","실적2017",9964
"제주항공","실적2018",12594
"제주항공","실적2019",13840
"제주항공","실적2020",3941
"조광페인트","실적2017",2012
"조광페인트","실적2018",2095
"조광페인트","실적2019",2034
"조광페인트","실적2020",NA
"조광피혁","실적2017",1743
"조광피혁","실적2018",1277
"조광피혁","실적2019",1082
"조광피혁","실적2020",NA
"조비","실적2017",599
"조비","실적2018",605
"조비","실적2019",709
"조비","실적2020",NA
"조선내화","실적2017",6943
"조선내화","실적2018",7892
"조선내화","실적2019",7572
"조선내화","실적2020",NA
"조선선재","실적2017",660
"조선선재","실적2018",627
"조선선재","실적2019",640
"조선선재","실적2020",NA
"조일알미늄","실적2017",2992
"조일알미늄","실적2018",3177
"조일알미늄","실적2019",3118
"조일알미늄","실적2020",NA
"조흥","실적2017",1621
"조흥","실적2018",1681
"조흥","실적2019",1951
"조흥","실적2020",NA
"종근당","실적2017",8844
"종근당","실적2018",9562
"종근당","실적2019",10793
"종근당","실적2020",12219
"종근당바이오","실적2017",1182
"종근당바이오","실적2018",1245
"종근당바이오","실적2019",1372
"종근당바이오","실적2020",NA
"종근당홀딩스","실적2017",4507
"종근당홀딩스","실적2018",5311
"종근당홀딩스","실적2019",7206
"종근당홀딩스","실적2020",8839
"주연테크","실적2017",609
"주연테크","실적2018",443
"주연테크","실적2019",705
"주연테크","실적2020",NA
"지누스","실적2017",6028
"지누스","실적2018",6218
"지누스","실적2019",8171
"지누스","실적2020",9880
"지엠비코리아","실적2017",4668
"지엠비코리아","실적2018",4572
"지엠비코리아","실적2019",4775
"지엠비코리아","실적2020",NA
"지역난방공사","실적2017",18344
"지역난방공사","실적2018",24873
"지역난방공사","실적2019",23679
"지역난방공사","실적2020",21122
"지코","실적2017",721
"지코","실적2018",796
"지코","실적2019",799
"지코","실적2020",NA
"지투알","실적2017",5013
"지투알","실적2018",5382
"지투알","실적2019",5421
"지투알","실적2020",NA
"진도","실적2017",1283
"진도","실적2018",1201
"진도","실적2019",779
"진도","실적2020",NA
"진양산업","실적2017",448
"진양산업","실적2018",594
"진양산업","실적2019",618
"진양산업","실적2020",NA
"진양폴리우레탄","실적2017",236
"진양폴리우레탄","실적2018",301
"진양폴리우레탄","실적2019",351
"진양폴리우레탄","실적2020",NA
"진양홀딩스","실적2017",2652
"진양홀딩스","실적2018",2418
"진양홀딩스","실적2019",2253
"진양홀딩스","실적2020",NA
"진양화학","실적2017",496
"진양화학","실적2018",497
"진양화학","실적2019",445
"진양화학","실적2020",NA
"진에어","실적2017",8884
"진에어","실적2018",10107
"진에어","실적2019",9102
"진에어","실적2020",2848
"진원생명과학","실적2017",272
"진원생명과학","실적2018",343
"진원생명과학","실적2019",412
"진원생명과학","실적2020",NA
"진흥기업","실적2017",5733
"진흥기업","실적2018",6712
"진흥기업","실적2019",5465
"진흥기업","실적2020",NA
"참엔지니어링","실적2017",2763
"참엔지니어링","실적2018",2067
"참엔지니어링","실적2019",1125
"참엔지니어링","실적2020",NA
"천일고속","실적2017",552
"천일고속","실적2018",565
"천일고속","실적2019",596
"천일고속","실적2020",NA
"체시스","실적2017",667
"체시스","실적2018",556
"체시스","실적2019",502
"체시스","실적2020",NA
"카카오","실적2017",19723
"카카오","실적2018",24170
"카카오","실적2019",30701
"카카오","실적2020",41104
"카프로","실적2017",5413
"카프로","실적2018",5793
"카프로","실적2019",4402
"카프로","실적2020",NA
"컨버즈","실적2017",907
"컨버즈","실적2018",764
"컨버즈","실적2019",458
"컨버즈","실적2020",NA
"케이비아이동국실업","실적2017",6020
"케이비아이동국실업","실적2018",6509
"케이비아이동국실업","실적2019",6156
"케이비아이동국실업","실적2020",NA
"케이씨","실적2017",5730
"케이씨","실적2018",5261
"케이씨","실적2019",5119
"케이씨","실적2020",5652
"케이씨씨","실적2017",38640
"케이씨씨","실적2018",30810
"케이씨씨","실적2019",27196
"케이씨씨","실적2020",50717
"케이씨씨글라스","실적2017",NA
"케이씨씨글라스","실적2018",NA
"케이씨씨글라스","실적2019",NA
"케이씨씨글라스","실적2020",NA
"케이씨텍","실적2017",751
"케이씨텍","실적2018",3573
"케이씨텍","실적2019",2653
"케이씨텍","실적2020",3144
"케이씨티시","실적2017",3646
"케이씨티시","실적2018",4004
"케이씨티시","실적2019",4462
"케이씨티시","실적2020",NA
"케이티","실적2017",233873
"케이티","실적2018",234601
"케이티","실적2019",243421
"케이티","실적2020",239081
"케이티스카이라이프","실적2017",6858
"케이티스카이라이프","실적2018",6908
"케이티스카이라이프","실적2019",6946
"케이티스카이라이프","실적2020",7048
"케이티앤지","실적2017",46672
"케이티앤지","실적2018",44715
"케이티앤지","실적2019",49632
"케이티앤지","실적2020",52810
"코리아써키트","실적2017",5916
"코리아써키트","실적2018",5358
"코리아써키트","실적2019",5434
"코리아써키트","실적2020",9205
"코리아오토글라스","실적2017",4448
"코리아오토글라스","실적2018",4387
"코리아오토글라스","실적2019",4560
"코리아오토글라스","실적2020",NA
"코리안리","실적2017",91168
"코리안리","실적2018",98925
"코리안리","실적2019",106699
"코리안리","실적2020",56900
"코스맥스","실적2017",8840
"코스맥스","실적2018",12597
"코스맥스","실적2019",13307
"코스맥스","실적2020",14196
"코스맥스비티아이","실적2017",2983
"코스맥스비티아이","실적2018",4383
"코스맥스비티아이","실적2019",4684
"코스맥스비티아이","실적2020",NA
"코스모신소재","실적2017",3146
"코스모신소재","실적2018",5340
"코스모신소재","실적2019",2439
"코스모신소재","실적2020",NA
"코스모화학","실적2017",4316
"코스모화학","실적2018",6781
"코스모화학","실적2019",4068
"코스모화학","실적2020",NA
"코아스","실적2017",1141
"코아스","실적2018",1086
"코아스","실적2019",1129
"코아스","실적2020",NA
"코오롱","실적2017",44058
"코오롱","실적2018",43245
"코오롱","실적2019",44060
"코오롱","실적2020",NA
"코오롱글로벌","실적2017",36536
"코오롱글로벌","실적2018",33583
"코오롱글로벌","실적2019",34841
"코오롱글로벌","실적2020",37021
"코오롱머티리얼","실적2017",3545
"코오롱머티리얼","실적2018",955
"코오롱머티리얼","실적2019",993
"코오롱머티리얼","실적2020",NA
"코오롱인더","실적2017",46070
"코오롱인더","실적2018",44598
"코오롱인더","실적2019",44072
"코오롱인더","실적2020",39528
"코오롱플라스틱","실적2017",2622
"코오롱플라스틱","실적2018",3213
"코오롱플라스틱","실적2019",3303
"코오롱플라스틱","실적2020",2856
"코웨이","실적2017",25168
"코웨이","실적2018",27073
"코웨이","실적2019",30189
"코웨이","실적2020",32289
"콤텍시스템","실적2017",1436
"콤텍시스템","실적2018",1252
"콤텍시스템","실적2019",2388
"콤텍시스템","실적2020",NA
"쿠쿠홀딩스","실적2017",4502
"쿠쿠홀딩스","실적2018",4933
"쿠쿠홀딩스","실적2019",5283
"쿠쿠홀딩스","실적2020",NA
"쿠쿠홈시스","실적2017",303
"쿠쿠홈시스","실적2018",4188
"쿠쿠홈시스","실적2019",6637
"쿠쿠홈시스","실적2020",7930
"큐로","실적2017",1562
"큐로","실적2018",829
"큐로","실적2019",1471
"큐로","실적2020",NA
"크라운제과","실적2017",3209
"크라운제과","실적2018",3885
"크라운제과","실적2019",3866
"크라운제과","실적2020",NA
"크라운해태홀딩스","실적2017",9489
"크라운해태홀딩스","실적2018",10921
"크라운해태홀딩스","실적2019",10552
"크라운해태홀딩스","실적2020",NA
"키다리스튜디오","실적2017",143
"키다리스튜디오","실적2018",196
"키다리스튜디오","실적2019",267
"키다리스튜디오","실적2020",457
"키움증권","실적2017",12163
"키움증권","실적2018",21467
"키움증권","실적2019",30570
"키움증권","실적2020",73462
"키위미디어그룹","실적2017",359
"키위미디어그룹","실적2018",181
"키위미디어그룹","실적2019",314
"키위미디어그룹","실적2020",NA
"태경비케이","실적2017",2122
"태경비케이","실적2018",2126
"태경비케이","실적2019",1864
"태경비케이","실적2020",NA
"태경산업","실적2017",5637
"태경산업","실적2018",5635
"태경산업","실적2019",5196
"태경산업","실적2020",NA
"태경케미컬","실적2017",489
"태경케미컬","실적2018",474
"태경케미컬","실적2019",418
"태경케미컬","실적2020",NA
"태광산업","실적2017",29158
"태광산업","실적2018",31088
"태광산업","실적2019",29180
"태광산업","실적2020",NA
"태림포장","실적2017",5657
"태림포장","실적2018",6087
"태림포장","실적2019",5729
"태림포장","실적2020",NA
"태양금속공업","실적2017",4692
"태양금속공업","실적2018",4492
"태양금속공업","실적2019",4709
"태양금속공업","실적2020",NA
"태영건설","실적2017",32664
"태영건설","실적2018",36911
"태영건설","실적2019",39244
"태영건설","실적2020",NA
"태원물산","실적2017",249
"태원물산","실적2018",219
"태원물산","실적2019",219
"태원물산","실적2020",NA
"태평양물산","실적2017",9222
"태평양물산","실적2018",9721
"태평양물산","실적2019",9716
"태평양물산","실적2020",8628
"테이팩스","실적2017",1059
"테이팩스","실적2018",1085
"테이팩스","실적2019",1126
"테이팩스","실적2020",NA
"텔코웨어","실적2017",414
"텔코웨어","실적2018",421
"텔코웨어","실적2019",418
"텔코웨어","실적2020",403
"토니모리","실적2017",2057
"토니모리","실적2018",1810
"토니모리","실적2019",1720
"토니모리","실적2020",NA
"티비에이치글로벌","실적2017",6945
"티비에이치글로벌","실적2018",2088
"티비에이치글로벌","실적2019",2108
"티비에이치글로벌","실적2020",NA
"티에이치엔","실적2017",3127
"티에이치엔","실적2018",3728
"티에이치엔","실적2019",4022
"티에이치엔","실적2020",NA
"티와이홀딩스","실적2017",NA
"티와이홀딩스","실적2018",NA
"티와이홀딩스","실적2019",NA
"티와이홀딩스","실적2020",NA
"티웨이항공","실적2017",5840
"티웨이항공","실적2018",7318
"티웨이항공","실적2019",8104
"티웨이항공","실적2020",2670
"티웨이홀딩스","실적2017",6128
"티웨이홀딩스","실적2018",7375
"티웨이홀딩스","실적2019",8175
"티웨이홀딩스","실적2020",NA
"파미셀","실적2017",252
"파미셀","실적2018",284
"파미셀","실적2019",325
"파미셀","실적2020",NA
"팜스코","실적2017",10233
"팜스코","실적2018",10157
"팜스코","실적2019",11650
"팜스코","실적2020",NA
"팬오션","실적2017",23362
"팬오션","실적2018",26684
"팬오션","실적2019",24679
"팬오션","실적2020",25125
"퍼스텍","실적2017",1620
"퍼스텍","실적2018",1310
"퍼스텍","실적2019",1263
"퍼스텍","실적2020",NA
"퍼시스","실적2017",2895
"퍼시스","실적2018",3157
"퍼시스","실적2019",3047
"퍼시스","실적2020",2791
"페이퍼코리아","실적2017",5565
"페이퍼코리아","실적2018",4123
"페이퍼코리아","실적2019",2656
"페이퍼코리아","실적2020",NA
"평화산업","실적2017",3245
"평화산업","실적2018",3358
"평화산업","실적2019",3533
"평화산업","실적2020",NA
"평화홀딩스","실적2017",5501
"평화홀딩스","실적2018",5560
"평화홀딩스","실적2019",5811
"평화홀딩스","실적2020",NA
"포스코","실적2017",606551
"포스코","실적2018",649778
"포스코","실적2019",643668
"포스코","실적2020",576819
"포스코강판","실적2017",9121
"포스코강판","실적2018",9403
"포스코강판","실적2019",9167
"포스코강판","실적2020",NA
"포스코인터내셔널","실적2017",225717
"포스코인터내셔널","실적2018",251739
"포스코인터내셔널","실적2019",244226
"포스코인터내셔널","실적2020",214448
"포스코케미칼","실적2017",11972
"포스코케미칼","실적2018",13836
"포스코케미칼","실적2019",14838
"포스코케미칼","실적2020",15807
"폴루스바이오팜","실적2017",296
"폴루스바이오팜","실적2018",102
"폴루스바이오팜","실적2019",95
"폴루스바이오팜","실적2020",NA
"풀무원","실적2017",21957
"풀무원","실적2018",22720
"풀무원","실적2019",23815
"풀무원","실적2020",23630
"풍산","실적2017",29450
"풍산","실적2018",27745
"풍산","실적2019",24513
"풍산","실적2020",25861
"풍산홀딩스","실적2017",3148
"풍산홀딩스","실적2018",3061
"풍산홀딩스","실적2019",2644
"풍산홀딩스","실적2020",NA
"필룩스","실적2017",1120
"필룩스","실적2018",1100
"필룩스","실적2019",1351
"필룩스","실적2020",NA
"하나금융지주","실적2017",391711
"하나금융지주","실적2018",325159
"하나금융지주","실적2019",386501
"하나금융지주","실적2020",NA
"하나제약","실적2017",1393
"하나제약","실적2018",1528
"하나제약","실적2019",1663
"하나제약","실적2020",1737
"하나투어","실적2017",8043
"하나투어","실적2018",8283
"하나투어","실적2019",7632
"하나투어","실적2020",1404
"하이스틸","실적2017",2117
"하이스틸","실적2018",1705
"하이스틸","실적2019",2143
"하이스틸","실적2020",NA
"하이트론씨스템즈","실적2017",376
"하이트론씨스템즈","실적2018",408
"하이트론씨스템즈","실적2019",347
"하이트론씨스템즈","실적2020",NA
"하이트진로","실적2017",18899
"하이트진로","실적2018",18856
"하이트진로","실적2019",20351
"하이트진로","실적2020",23278
"하이트진로홀딩스","실적2017",18812
"하이트진로홀딩스","실적2018",18767
"하이트진로홀딩스","실적2019",20263
"하이트진로홀딩스","실적2020",NA
"한국가스공사","실적2017",221722
"한국가스공사","실적2018",261850
"한국가스공사","실적2019",249826
"한국가스공사","실적2020",211735
"한국공항","실적2017",4854
"한국공항","실적2018",5261
"한국공항","실적2019",5290
"한국공항","실적2020",NA
"한국금융지주","실적2017",66220
"한국금융지주","실적2018",84521
"한국금융지주","실적2019",107713
"한국금융지주","실적2020",NA
"한국내화","실적2017",2704
"한국내화","실적2018",2397
"한국내화","실적2019",2239
"한국내화","실적2020",NA
"한국단자공업","실적2017",7444
"한국단자공업","실적2018",7464
"한국단자공업","실적2019",7721
"한국단자공업","실적2020",NA
"한국석유공업","실적2017",4245
"한국석유공업","실적2018",4813
"한국석유공업","실적2019",4854
"한국석유공업","실적2020",NA
"한국수출포장공업","실적2017",2444
"한국수출포장공업","실적2018",2802
"한국수출포장공업","실적2019",2716
"한국수출포장공업","실적2020",NA
"한국쉘석유","실적2017",2105
"한국쉘석유","실적2018",2198
"한국쉘석유","실적2019",2118
"한국쉘석유","실적2020",NA
"한국자산신탁","실적2017",2225
"한국자산신탁","실적2018",2266
"한국자산신탁","실적2019",2233
"한국자산신탁","실적2020",2284
"한국전력공사","실적2017",598149
"한국전력공사","실적2018",606276
"한국전력공사","실적2019",591729
"한국전력공사","실적2020",584094
"한국전자홀딩스","실적2017",2464
"한국전자홀딩스","실적2018",2342
"한국전자홀딩스","실적2019",2170
"한국전자홀딩스","실적2020",NA
"한국조선해양","실적2017",154688
"한국조선해양","실적2018",131610
"한국조선해양","실적2019",151826
"한국조선해양","실적2020",153112
"한국종합기술","실적2017",1996
"한국종합기술","실적2018",1909
"한국종합기술","실적2019",2189
"한국종합기술","실적2020",NA
"한국주강","실적2017",299
"한국주강","실적2018",391
"한국주강","실적2019",363
"한국주강","실적2020",NA
"한국주철관공업","실적2017",4207
"한국주철관공업","실적2018",4174
"한국주철관공업","실적2019",4372
"한국주철관공업","실적2020",NA
"한국철강","실적2017",7389
"한국철강","실적2018",7775
"한국철강","실적2019",7191
"한국철강","실적2020",6300
"한국카본","실적2017",2391
"한국카본","실적2018",2267
"한국카본","실적2019",2734
"한국카본","실적2020",4159
"한국콜마","실적2017",8216
"한국콜마","실적2018",13579
"한국콜마","실적2019",15407
"한국콜마","실적2020",13746
"한국콜마홀딩스","실적2017",4083
"한국콜마홀딩스","실적2018",5617
"한국콜마홀딩스","실적2019",5934
"한국콜마홀딩스","실적2020",NA
"한국타이어앤테크놀로지","실적2017",68129
"한국타이어앤테크놀로지","실적2018",67951
"한국타이어앤테크놀로지","실적2019",68833
"한국타이어앤테크놀로지","실적2020",64215
"한국테크놀로지그룹","실적2017",8248
"한국테크놀로지그룹","실적2018",8480
"한국테크놀로지그룹","실적2019",8476
"한국테크놀로지그룹","실적2020",8169
"한국토지신탁","실적2017",2500
"한국토지신탁","실적2018",2693
"한국토지신탁","실적2019",2557
"한국토지신탁","실적2020",2271
"한국특수형강","실적2017",3463
"한국특수형강","실적2018",3650
"한국특수형강","실적2019",3910
"한국특수형강","실적2020",NA
"한국프랜지공업","실적2017",7210
"한국프랜지공업","실적2018",7937
"한국프랜지공업","실적2019",9540
"한국프랜지공업","실적2020",NA
"한국항공우주","실적2017",20722
"한국항공우주","실적2018",27860
"한국항공우주","실적2019",31102
"한국항공우주","실적2020",28648
"한국화장품","실적2017",1513
"한국화장품","실적2018",1539
"한국화장품","실적2019",1312
"한국화장품","실적2020",NA
"한국화장품제조","실적2017",672
"한국화장품제조","실적2018",882
"한국화장품제조","실적2019",765
"한국화장품제조","실적2020",NA
"한농화성","실적2017",2363
"한농화성","실적2018",2232
"한농화성","실적2019",2047
"한농화성","실적2020",NA
"한독","실적2017",4180
"한독","실적2018",4467
"한독","실적2019",4730
"한독","실적2020",5008
"한라","실적2017",16415
"한라","실적2018",12997
"한라","실적2019",13049
"한라","실적2020",15704
"한라홀딩스","실적2017",8907
"한라홀딩스","실적2018",8865
"한라홀딩스","실적2019",7984
"한라홀딩스","실적2020",6925
"한미글로벌","실적2017",2008
"한미글로벌","실적2018",2077
"한미글로벌","실적2019",2947
"한미글로벌","실적2020",2215
"한미반도체","실적2017",1973
"한미반도체","실적2018",2171
"한미반도체","실적2019",1204
"한미반도체","실적2020",2287
"한미사이언스","실적2017",6523
"한미사이언스","실적2018",7080
"한미사이언스","실적2019",8166
"한미사이언스","실적2020",NA
"한미약품","실적2017",9166
"한미약품","실적2018",10160
"한미약품","실적2019",11136
"한미약품","실적2020",10928
"한샘","실적2017",20625
"한샘","실적2018",19285
"한샘","실적2019",16984
"한샘","실적2020",20475
"한섬","실적2017",12287
"한섬","실적2018",12992
"한섬","실적2019",12598
"한섬","실적2020",12060
"한성기업","실적2017",3228
"한성기업","실적2018",2869
"한성기업","실적2019",2701
"한성기업","실적2020",NA
"한세실업","실적2017",17113
"한세실업","실적2018",17127
"한세실업","실적2019",19224
"한세실업","실적2020",19703
"한세엠케이","실적2017",3289
"한세엠케이","실적2018",3230
"한세엠케이","실적2019",3075
"한세엠케이","실적2020",NA
"한세예스24홀딩스","실적2017",24623
"한세예스24홀딩스","실적2018",25215
"한세예스24홀딩스","실적2019",27710
"한세예스24홀딩스","실적2020",27939
"한솔로지스틱스","실적2017",3553
"한솔로지스틱스","실적2018",4342
"한솔로지스틱스","실적2019",4607
"한솔로지스틱스","실적2020",NA
"한솔제지","실적2017",16014
"한솔제지","실적2018",19766
"한솔제지","실적2019",19126
"한솔제지","실적2020",16400
"한솔케미칼","실적2017",5216
"한솔케미칼","실적2018",5819
"한솔케미칼","실적2019",5876
"한솔케미칼","실적2020",6184
"한솔테크닉스","실적2017",9353
"한솔테크닉스","실적2018",8419
"한솔테크닉스","실적2019",9722
"한솔테크닉스","실적2020",11188
"한솔피엔에스","실적2017",2238
"한솔피엔에스","실적2018",2484
"한솔피엔에스","실적2019",2339
"한솔피엔에스","실적2020",NA
"한솔홀딩스","실적2017",6868
"한솔홀딩스","실적2018",6020
"한솔홀딩스","실적2019",5416
"한솔홀딩스","실적2020",5130
"한솔홈데코","실적2017",2543
"한솔홈데코","실적2018",2969
"한솔홈데코","실적2019",2639
"한솔홈데코","실적2020",NA
"한신공영","실적2017",19843
"한신공영","실적2018",21422
"한신공영","실적2019",16233
"한신공영","실적2020",NA
"한신기계공업","실적2017",562
"한신기계공업","실적2018",533
"한신기계공업","실적2019",528
"한신기계공업","실적2020",NA
"한양증권","실적2017",1706
"한양증권","실적2018",2051
"한양증권","실적2019",3104
"한양증권","실적2020",NA
"한온시스템","실적2017",55857
"한온시스템","실적2018",59376
"한온시스템","실적2019",71542
"한온시스템","실적2020",67177
"한올바이오파마","실적2017",842
"한올바이오파마","실적2018",918
"한올바이오파마","실적2019",1085
"한올바이오파마","실적2020",1003
"한익스프레스","실적2017",5279
"한익스프레스","실적2018",5659
"한익스프레스","실적2019",5774
"한익스프레스","실적2020",NA
"한일시멘트","실적2017",NA
"한일시멘트","실적2018",5120
"한일시멘트","실적2019",9462
"한일시멘트","실적2020",NA
"한일철강","실적2017",1558
"한일철강","실적2018",1686
"한일철강","실적2019",1730
"한일철강","실적2020",NA
"한일현대시멘트","실적2017",3487
"한일현대시멘트","실적2018",3396
"한일현대시멘트","실적2019",3841
"한일현대시멘트","실적2020",NA
"한일홀딩스","실적2017",11908
"한일홀딩스","실적2018",11867
"한일홀딩스","실적2019",16518
"한일홀딩스","실적2020",NA
"한전기술","실적2017",4902
"한전기술","실적2018",4337
"한전기술","실적2019",4486
"한전기술","실적2020",4566
"한전산업","실적2017",3380
"한전산업","실적2018",2625
"한전산업","실적2019",3136
"한전산업","실적2020",NA
"한전KPS","실적2017",12368
"한전KPS","실적2018",12425
"한전KPS","실적2019",12469
"한전KPS","실적2020",12716
"한진","실적2017",18126
"한진","실적2018",19508
"한진","실적2019",20623
"한진","실적2020",21982
"한진중공업","실적2017",16477
"한진중공업","실적2018",16979
"한진중공업","실적2019",16288
"한진중공업","실적2020",NA
"한진중공업홀딩스","실적2017",9067
"한진중공업홀딩스","실적2018",9460
"한진중공업홀딩스","실적2019",8776
"한진중공업홀딩스","실적2020",NA
"한진칼","실적2017",11497
"한진칼","실적2018",13049
"한진칼","실적2019",12035
"한진칼","실적2020",4110
"한창","실적2017",1120
"한창","실적2018",982
"한창","실적2019",690
"한창","실적2020",NA
"한창제지","실적2017",2009
"한창제지","실적2018",2000
"한창제지","실적2019",1814
"한창제지","실적2020",NA
"한화","실적2017",504044
"한화","실적2018",487402
"한화","실적2019",504124
"한화","실적2020",512054
"한화생명","실적2017",260871
"한화생명","실적2018",234305
"한화생명","실적2019",249785
"한화생명","실적2020",NA
"한화손해보험","실적2017",69318
"한화손해보험","실적2018",74238
"한화손해보험","실적2019",80276
"한화손해보험","실적2020",NA
"한화솔루션","실적2017",93418
"한화솔루션","실적2018",90460
"한화솔루션","실적2019",95033
"한화솔루션","실적2020",89452
"한화시스템","실적2017",8586
"한화시스템","실적2018",11289
"한화시스템","실적2019",15460
"한화시스템","실적2020",16449
"한화에어로스페이스","실적2017",42155
"한화에어로스페이스","실적2018",44532
"한화에어로스페이스","실적2019",52641
"한화에어로스페이스","실적2020",52907
"한화투자증권","실적2017",17128
"한화투자증권","실적2018",19019
"한화투자증권","실적2019",15712
"한화투자증권","실적2020",NA
"해성디에스","실적2017",3251
"해성디에스","실적2018",3633
"해성디에스","실적2019",3814
"해성디에스","실적2020",4538
"해태제과식품","실적2017",7604
"해태제과식품","실적2018",7254
"해태제과식품","실적2019",6900
"해태제과식품","실적2020",NA
"핸즈코퍼레이션","실적2017",6131
"핸즈코퍼레이션","실적2018",6009
"핸즈코퍼레이션","실적2019",6177
"핸즈코퍼레이션","실적2020",NA
"현대건설","실적2017",168871
"현대건설","실적2018",167309
"현대건설","실적2019",172788
"현대건설","실적2020",170816
"현대건설기계","실적2017",18867
"현대건설기계","실적2018",32339
"현대건설기계","실적2019",28521
"현대건설기계","실적2020",25127
"현대그린푸드","실적2017",25340
"현대그린푸드","실적2018",32517
"현대그린푸드","실적2019",31243
"현대그린푸드","실적2020",32413
"현대글로비스","실적2017",163583
"현대글로비스","실적2018",168656
"현대글로비스","실적2019",182701
"현대글로비스","실적2020",161933
"현대로템","실적2017",27257
"현대로템","실적2018",24119
"현대로템","실적2019",24593
"현대로템","실적2020",26996
"현대리바트","실적2017",8898
"현대리바트","실적2018",13517
"현대리바트","실적2019",12376
"현대리바트","실적2020",13726
"현대모비스","실적2017",351446
"현대모비스","실적2018",351492
"현대모비스","실적2019",380488
"현대모비스","실적2020",369639
"현대미포조선","실적2017",24534
"현대미포조선","실적2018",24030
"현대미포조선","실적2019",29941
"현대미포조선","실적2020",28394
"현대백화점","실적2017",18481
"현대백화점","실적2018",18622
"현대백화점","실적2019",21989
"현대백화점","실적2020",24139
"현대비앤지스틸","실적2017",7259
"현대비앤지스틸","실적2018",7127
"현대비앤지스틸","실적2019",7333
"현대비앤지스틸","실적2020",NA
"현대약품","실적2017",1305
"현대약품","실적2018",1339
"현대약품","실적2019",1349
"현대약품","실적2020",NA
"현대에너지솔루션","실적2017",2598
"현대에너지솔루션","실적2018",3476
"현대에너지솔루션","실적2019",4461
"현대에너지솔루션","실적2020",4123
"현대엘리베이터","실적2017",19937
"현대엘리베이터","실적2018",18772
"현대엘리베이터","실적2019",18725
"현대엘리베이터","실적2020",17778
"현대오토에버","실적2017",14734
"현대오토에버","실적2018",14249
"현대오토에버","실적2019",15718
"현대오토에버","실적2020",16068
"현대위아","실적2017",74874
"현대위아","실적2018",78805
"현대위아","실적2019",73146
"현대위아","실적2020",66222
"현대일렉트릭","실적2017",14496
"현대일렉트릭","실적2018",19404
"현대일렉트릭","실적2019",17711
"현대일렉트릭","실적2020",18747
"현대자동차","실적2017",963761
"현대자동차","실적2018",968126
"현대자동차","실적2019",1057464
"현대자동차","실적2020",1042260
"현대제철","실적2017",191660
"현대제철","실적2018",207804
"현대제철","실적2019",205126
"현대제철","실적2020",179294
"현대종합상사","실적2017",43060
"현대종합상사","실적2018",47140
"현대종합상사","실적2019",42634
"현대종합상사","실적2020",29991
"현대중공업지주","실적2017",142995
"현대중공업지주","실적2018",272566
"현대중공업지주","실적2019",266303
"현대중공업지주","실적2020",192436
"현대차증권","실적2017",5213
"현대차증권","실적2018",6190
"현대차증권","실적2019",7162
"현대차증권","실적2020",NA
"현대코퍼레이션홀딩스","실적2017",1452
"현대코퍼레이션홀딩스","실적2018",1654
"현대코퍼레이션홀딩스","실적2019",1839
"현대코퍼레이션홀딩스","실적2020",1607
"현대퓨처넷","실적2017",2902
"현대퓨처넷","실적2018",2897
"현대퓨처넷","실적2019",2929
"현대퓨처넷","실적2020",NA
"현대해상","실적2017",158868
"현대해상","실적2018",157466
"현대해상","실적2019",168459
"현대해상","실적2020",127430
"현대홈쇼핑","실적2017",10431
"현대홈쇼핑","실적2018",10177
"현대홈쇼핑","실적2019",22070
"현대홈쇼핑","실적2020",22722
"형지엘리트","실적2017",1662
"형지엘리트","실적2018",1546
"형지엘리트","실적2019",1479
"형지엘리트","실적2020",NA
"혜인","실적2017",2375
"혜인","실적2018",2167
"혜인","실적2019",2609
"혜인","실적2020",NA
"호전실업","실적2017",3284
"호전실업","실적2018",3133
"호전실업","실적2019",3098
"호전실업","실적2020",NA
"호텔신라","실적2017",35147
"호텔신라","실적2018",47137
"호텔신라","실적2019",57173
"호텔신라","실적2020",33303
"화성산업","실적2017",5680
"화성산업","실적2018",4752
"화성산업","실적2019",4514
"화성산업","실적2020",NA
"화승알앤에이","실적2017",14434
"화승알앤에이","실적2018",15281
"화승알앤에이","실적2019",15520
"화승알앤에이","실적2020",NA
"화승엔터프라이즈","실적2017",7682
"화승엔터프라이즈","실적2018",8792
"화승엔터프라이즈","실적2019",12016
"화승엔터프라이즈","실적2020",11695
"화승인더스트리","실적2017",11519
"화승인더스트리","실적2018",11119
"화승인더스트리","실적2019",14259
"화승인더스트리","실적2020",NA
"화신","실적2017",10669
"화신","실적2018",10758
"화신","실적2019",11643
"화신","실적2020",NA
"화인베스틸","실적2017",1274
"화인베스틸","실적2018",1451
"화인베스틸","실적2019",1348
"화인베스틸","실적2020",NA
"화천기계","실적2017",2084
"화천기계","실적2018",1807
"화천기계","실적2019",1597
"화천기계","실적2020",NA
"화천기공","실적2017",2084
"화천기공","실적2018",2156
"화천기공","실적2019",2065
"화천기공","실적2020",NA
"환인제약","실적2017",1480
"환인제약","실적2018",1547
"환인제약","실적2019",1592
"환인제약","실적2020",1710
"황금에스티","실적2017",2247
"황금에스티","실적2018",2448
"황금에스티","실적2019",2436
"황금에스티","실적2020",NA
"효성","실적2017",26928
"효성","실적2018",30025
"효성","실적2019",33734
"효성","실적2020",29327
"효성 ITX","실적2017",3950
"효성 ITX","실적2018",4021
"효성 ITX","실적2019",3882
"효성 ITX","실적2020",NA
"효성중공업","실적2017",NA
"효성중공업","실적2018",21805
"효성중공업","실적2019",37814
"효성중공업","실적2020",30210
"효성첨단소재","실적2017",NA
"효성첨단소재","실적2018",17675
"효성첨단소재","실적2019",30536
"효성첨단소재","실적2020",24092
"효성티앤씨","실적2017",NA
"효성티앤씨","실적2018",33591
"효성티앤씨","실적2019",59831
"효성티앤씨","실적2020",50239
"효성화학","실적2017",NA
"효성화학","실적2018",11168
"효성화학","실적2019",18125
"효성화학","실적2020",18202
"후성","실적2017",2488
"후성","실적2018",2749
"후성","실적2019",2489
"후성","실적2020",2550
"휠라홀딩스","실적2017",25303
"휠라홀딩스","실적2018",29546
"휠라홀딩스","실적2019",34504
"휠라홀딩스","실적2020",31232
"휴니드테크놀러지스","실적2017",1809
"휴니드테크놀러지스","실적2018",2613
"휴니드테크놀러지스","실적2019",1947
"휴니드테크놀러지스","실적2020",NA
"휴비스","실적2017",11983
"휴비스","실적2018",12625
"휴비스","실적2019",10293
"휴비스","실적2020",9760
"휴스틸","실적2017",6906
"휴스틸","실적2018",5888
"휴스틸","실적2019",5370
"휴스틸","실적2020",NA
"휴켐스","실적2017",7158
"휴켐스","실적2018",7629
"휴켐스","실적2019",6598
"휴켐스","실적2020",6144
"흥국화재","실적2017",42648
"흥국화재","실적2018",41571
"흥국화재","실적2019",42682
"흥국화재","실적2020",NA
"흥아해운","실적2017",8364
"흥아해운","실적2018",1008
"흥아해운","실적2019",1022
"흥아해운","실적2020",NA
"AJ네트웍스","실적2017",8439
"AJ네트웍스","실적2018",10455
"AJ네트웍스","실적2019",12028
"AJ네트웍스","실적2020",NA
"AK홀딩스","실적2017",33925
"AK홀딩스","실적2018",37112
"AK홀딩스","실적2019",37595
"AK홀딩스","실적2020",NA
"BGF","실적2017",1243
"BGF","실적2018",2206
"BGF","실적2019",2403
"BGF","실적2020",1740
"BGF리테일","실적2017",9387
"BGF리테일","실적2018",57759
"BGF리테일","실적2019",59461
"BGF리테일","실적2020",61850
"BNK금융지주","실적2017",48098
"BNK금융지주","실적2018",50986
"BNK금융지주","실적2019",52795
"BNK금융지주","실적2020",NA
"BYC","실적2017",1958
"BYC","실적2018",1979
"BYC","실적2019",1706
"BYC","실적2020",NA
"CJ","실적2017",268986
"CJ","실적2018",295234
"CJ","실적2019",337797
"CJ","실적2020",329599
"CJ CGV","실적2017",17144
"CJ CGV","실적2018",17694
"CJ CGV","실적2019",19423
"CJ CGV","실적2020",6932
"CJ대한통운","실적2017",71104
"CJ대한통운","실적2018",92197
"CJ대한통운","실적2019",104151
"CJ대한통운","실적2020",109508
"CJ씨푸드","실적2017",1646
"CJ씨푸드","실적2018",1507
"CJ씨푸드","실적2019",1492
"CJ씨푸드","실적2020",NA
"CJ제일제당","실적2017",164772
"CJ제일제당","실적2018",186701
"CJ제일제당","실적2019",223525
"CJ제일제당","실적2020",244203
"CS홀딩스","실적2017",1210
"CS홀딩스","실적2018",1226
"CS홀딩스","실적2019",1350
"CS홀딩스","실적2020",NA
"DB","실적2017",1968
"DB","실적2018",2371
"DB","실적2019",2385
"DB","실적2020",NA
"DB금융투자","실적2017",9099
"DB금융투자","실적2018",8487
"DB금융투자","실적2019",9920
"DB금융투자","실적2020",NA
"DB손해보험","실적2017",178553
"DB손해보험","실적2018",174545
"DB손해보험","실적2019",186761
"DB손해보험","실적2020",NA
"DB하이텍","실적2017",6797
"DB하이텍","실적2018",6693
"DB하이텍","실적2019",8074
"DB하이텍","실적2020",9384
"DGB금융지주","실적2017",36418
"DGB금융지주","실적2018",41575
"DGB금융지주","실적2019",49550
"DGB금융지주","실적2020",NA
"DRB동일","실적2017",5439
"DRB동일","실적2018",5454
"DRB동일","실적2019",5470
"DRB동일","실적2020",NA
"DSR","실적2017",2264
"DSR","실적2018",2360
"DSR","실적2019",2363
"DSR","실적2020",NA
"DSR제강","실적2017",1775
"DSR제강","실적2018",1853
"DSR제강","실적2019",1915
"DSR제강","실적2020",NA
"E1","실적2017",44082
"E1","실적2018",46302
"E1","실적2019",46083
"E1","실적2020",NA
"F&F","실적2017",5605
"F&F","실적2018",6683
"F&F","실적2019",9103
"F&F","실적2020",8195
"GKL","실적2017",5013
"GKL","실적2018",4803
"GKL","실적2019",4908
"GKL","실적2020",2087
"GS","실적2017",155801
"GS","실적2018",177444
"GS","실적2019",177861
"GS","실적2020",159333
"GS건설","실적2017",116795
"GS건설","실적2018",131394
"GS건설","실적2019",104166
"GS건설","실적2020",100343
"GS글로벌","실적2017",33874
"GS글로벌","실적2018",40585
"GS글로벌","실적2019",38894
"GS글로벌","실적2020",NA
"GS리테일","실적2017",82666
"GS리테일","실적2018",86916
"GS리테일","실적2019",90069
"GS리테일","실적2020",89514
"HDC","실적2017",15210
"HDC","실적2018",15478
"HDC","실적2019",16167
"HDC","실적2020",NA
"HDC아이콘트롤스","실적2017",2640
"HDC아이콘트롤스","실적2018",2720
"HDC아이콘트롤스","실적2019",2524
"HDC아이콘트롤스","실적2020",2487
"HDC현대산업개발","실적2017",NA
"HDC현대산업개발","실적2018",27927
"HDC현대산업개발","실적2019",42165
"HDC현대산업개발","실적2020",37290
"HDC현대EP","실적2017",9144
"HDC현대EP","실적2018",9108
"HDC현대EP","실적2019",8351
"HDC현대EP","실적2020",NA
"HMM","실적2017",50280
"HMM","실적2018",52221
"HMM","실적2019",55131
"HMM","실적2020",61965
"HSD엔진","실적2017",7689
"HSD엔진","실적2018",5113
"HSD엔진","실적2019",6743
"HSD엔진","실적2020",8876
"JB금융지주","실적2017",22919
"JB금융지주","실적2018",24489
"JB금융지주","실적2019",24084
"JB금융지주","실적2020",NA
"JW생명과학","실적2017",1436
"JW생명과학","실적2018",1552
"JW생명과학","실적2019",1702
"JW생명과학","실적2020",NA
"JW중외제약","실적2017",5029
"JW중외제약","실적2018",5372
"JW중외제약","실적2019",5113
"JW중외제약","실적2020",NA
"JW홀딩스","실적2017",6812
"JW홀딩스","실적2018",7254
"JW홀딩스","실적2019",7264
"JW홀딩스","실적2020",NA
"KB금융","실적2017",392293
"KB금융","실적2018",420271
"KB금융","실적2019",471697
"KB금융","실적2020",NA
"KC그린홀딩스","실적2017",3524
"KC그린홀딩스","실적2018",5347
"KC그린홀딩스","실적2019",6989
"KC그린홀딩스","실적2020",NA
"KC코트렐","실적2017",1685
"KC코트렐","실적2018",1820
"KC코트렐","실적2019",3006
"KC코트렐","실적2020",NA
"KEC","실적2017",2263
"KEC","실적2018",2174
"KEC","실적2019",2017
"KEC","실적2020",NA
"KG동부제철","실적2017",25962
"KG동부제철","실적2018",25451
"KG동부제철","실적2019",24283
"KG동부제철","실적2020",NA
"KG케미칼","실적2017",10995
"KG케미칼","실적2018",12828
"KG케미칼","실적2019",20684
"KG케미칼","실적2020",NA
"KISCO홀딩스","실적2017",12213
"KISCO홀딩스","실적2018",12886
"KISCO홀딩스","실적2019",11830
"KISCO홀딩스","실적2020",NA
"KPX케미칼","실적2017",7037
"KPX케미칼","실적2018",7667
"KPX케미칼","실적2019",7657
"KPX케미칼","실적2020",6970
"KPX홀딩스","실적2017",7533
"KPX홀딩스","실적2018",10224
"KPX홀딩스","실적2019",10103
"KPX홀딩스","실적2020",NA
"KR모터스","실적2017",417
"KR모터스","실적2018",366
"KR모터스","실적2019",1326
"KR모터스","실적2020",NA
"KSS해운","실적2017",1776
"KSS해운","실적2018",2025
"KSS해운","실적2019",2312
"KSS해운","실적2020",NA
"KTB투자증권","실적2017",3342
"KTB투자증권","실적2018",3587
"KTB투자증권","실적2019",3812
"KTB투자증권","실적2020",NA
"KTcs","실적2017",9678
"KTcs","실적2018",10161
"KTcs","실적2019",9449
"KTcs","실적2020",NA
"KTis","실적2017",4381
"KTis","실적2018",4508
"KTis","실적2019",4510
"KTis","실적2020",NA
"LF","실적2017",16021
"LF","실적2018",17067
"LF","실적2019",18517
"LF","실적2020",16553
"LG","실적2017",118411
"LG","실적2018",77434
"LG","실적2019",65753
"LG","실적2020",70427
"LG디스플레이","실적2017",277902
"LG디스플레이","실적2018",243366
"LG디스플레이","실적2019",234756
"LG디스플레이","실적2020",239504
"LG상사","실적2017",128272
"LG상사","실적2018",99882
"LG상사","실적2019",105309
"LG상사","실적2020",104423
"LG생활건강","실적2017",61051
"LG생활건강","실적2018",67475
"LG생활건강","실적2019",76854
"LG생활건강","실적2020",78312
"LG유플러스","실적2017",122794
"LG유플러스","실적2018",117256
"LG유플러스","실적2019",123820
"LG유플러스","실적2020",133442
"LG이노텍","실적2017",76414
"LG이노텍","실적2018",79821
"LG이노텍","실적2019",83021
"LG이노텍","실적2020",92820
"LG전자","실적2017",613963
"LG전자","실적2018",613417
"LG전자","실적2019",623062
"LG전자","실적2020",625380
"LG하우시스","실적2017",32094
"LG하우시스","실적2018",32665
"LG하우시스","실적2019",31868
"LG하우시스","실적2020",29806
"LG헬로비전","실적2017",11199
"LG헬로비전","실적2018",11780
"LG헬로비전","실적2019",11122
"LG헬로비전","실적2020",10696
"LG화학","실적2017",256980
"LG화학","실적2018",281830
"LG화학","실적2019",286250
"LG화학","실적2020",300093
"LIG넥스원","실적2017",17613
"LIG넥스원","실적2018",14772
"LIG넥스원","실적2019",14527
"LIG넥스원","실적2020",15930
"LS","실적2017",94183
"LS","실적2018",100927
"LS","실적2019",101762
"LS","실적2020",103221
"LS네트웍스","실적2017",4434
"LS네트웍스","실적2018",4459
"LS네트웍스","실적2019",4028
"LS네트웍스","실적2020",NA
"LS전선아시아","실적2017",4037
"LS전선아시아","실적2018",4413
"LS전선아시아","실적2019",5203
"LS전선아시아","실적2020",5526
"MH에탄올","실적2017",520
"MH에탄올","실적2018",728
"MH에탄올","실적2019",809
"MH에탄올","실적2020",NA
"NAVER","실적2017",46785
"NAVER","실적2018",55869
"NAVER","실적2019",65934
"NAVER","실적2020",57787
"NH투자증권","실적2017",95455
"NH투자증권","실적2018",92413
"NH투자증권","실적2019",115035
"NH투자증권","실적2020",132676
"NI스틸","실적2017",1506
"NI스틸","실적2018",1507
"NI스틸","실적2019",1482
"NI스틸","실적2020",NA
"NICE","실적2017",14501
"NICE","실적2018",14702
"NICE","실적2019",18777
"NICE","실적2020",19996
"OCI","실적2017",36316
"OCI","실적2018",31121
"OCI","실적2019",26051
"OCI","실적2020",19251
"S-Oil","실적2017",208914
"S-Oil","실적2018",254633
"S-Oil","실적2019",243942
"S-Oil","실적2020",169500
"S&T모티브","실적2017",11375
"S&T모티브","실적2018",9189
"S&T모티브","실적2019",9763
"S&T모티브","실적2020",9491
"S&T중공업","실적2017",4363
"S&T중공업","실적2018",3963
"S&T중공업","실적2019",3751
"S&T중공업","실적2020",NA
"S&T홀딩스","실적2017",15082
"S&T홀딩스","실적2018",14013
"S&T홀딩스","실적2019",15121
"S&T홀딩스","실적2020",NA
"S&TC","실적2017",1841
"S&TC","실적2018",1395
"S&TC","실적2019",2133
"S&TC","실적2020",NA
"SBS","실적2017",7732
"SBS","실적2018",9140
"SBS","실적2019",8177
"SBS","실적2020",8520
"SBS미디어홀딩스","실적2017",4219
"SBS미디어홀딩스","실적2018",2316
"SBS미디어홀딩스","실적2019",2398
"SBS미디어홀딩스","실적2020",NA
"SG세계물산","실적2017",2854
"SG세계물산","실적2018",3202
"SG세계물산","실적2019",3125
"SG세계물산","실적2020",NA
"SG충방","실적2017",1433
"SG충방","실적2018",1345
"SG충방","실적2019",1258
"SG충방","실적2020",NA
"SGC에너지","실적2017",3200
"SGC에너지","실적2018",2653
"SGC에너지","실적2019",2842
"SGC에너지","실적2020",NA
"SH에너지화학","실적2017",1881
"SH에너지화학","실적2018",1836
"SH에너지화학","실적2019",1409
"SH에너지화학","실적2020",NA
"SIMPAC","실적2017",2306
"SIMPAC","실적2018",3062
"SIMPAC","실적2019",4301
"SIMPAC","실적2020",NA
"SK","실적2017",906128
"SK","실적2018",1001616
"SK","실적2019",992646
"SK","실적2020",864484
"SK가스","실적2017",63589
"SK가스","실적2018",68592
"SK가스","실적2019",49311
"SK가스","실적2020",45711
"SK네트웍스","실적2017",152023
"SK네트웍스","실적2018",126458
"SK네트웍스","실적2019",130542
"SK네트웍스","실적2020",108704
"SK디스커버리","실적2017",64159
"SK디스커버리","실적2018",69392
"SK디스커버리","실적2019",50211
"SK디스커버리","실적2020",NA
"SK디앤디","실적2017",3308
"SK디앤디","실적2018",5628
"SK디앤디","실적2019",4547
"SK디앤디","실적2020",7237
"SK렌터카","실적2017",6368
"SK렌터카","실적2018",6525
"SK렌터카","실적2019",6409
"SK렌터카","실적2020",8553
"SK이노베이션","실적2017",461627
"SK이노베이션","실적2018",542165
"SK이노베이션","실적2019",498765
"SK이노베이션","실적2020",354857
"SK증권","실적2017",4673
"SK증권","실적2018",5343
"SK증권","실적2019",5502
"SK증권","실적2020",NA
"SK케미칼","실적2017",878
"SK케미칼","실적2018",13677
"SK케미칼","실적2019",14272
"SK케미칼","실적2020",12319
"SK텔레콤","실적2017",175200
"SK텔레콤","실적2018",168740
"SK텔레콤","실적2019",177437
"SK텔레콤","실적2020",185592
"SK하이닉스","실적2017",301094
"SK하이닉스","실적2018",404451
"SK하이닉스","실적2019",269907
"SK하이닉스","실적2020",314279
"SKC","실적2017",26535
"SKC","실적2018",27678
"SKC","실적2019",25398
"SKC","실적2020",28112
"SPC삼립","실적2017",20655
"SPC삼립","실적2018",22202
"SPC삼립","실적2019",24992
"SPC삼립","실적2020",25569
"STX","실적2017",18039
"STX","실적2018",15030
"STX","실적2019",14712
"STX","실적2020",NA
"STX엔진","실적2017",4678
"STX엔진","실적2018",5773
"STX엔진","실적2019",6106
"STX엔진","실적2020",NA
"STX중공업","실적2017",1852
"STX중공업","실적2018",2148
"STX중공업","실적2019",2540
"STX중공업","실적2020",NA
"TCC스틸","실적2017",3914
"TCC스틸","실적2018",4132
"TCC스틸","실적2019",4372
"TCC스틸","실적2020",NA
"WISCOM","실적2017",1168
"WISCOM","실적2018",1119
"WISCOM","실적2019",1155
"WISCOM","실적2020",NA
"YG PLUS","실적2017",725
"YG PLUS","실적2018",936
"YG PLUS","실적2019",1245
"YG PLUS","실적2020",NA
